Entity1,Relationship,Entity2,Property,species_source
福寿螺,BELONGS_TO,中腹足目,rank=目,福寿螺
福寿螺,BELONGS_TO,瓶螺属,rank=属,福寿螺
福寿螺,BELONGS_TO,瓶螺科,rank=科,福寿螺
福寿螺,CAUSES,人类感染嗜酸性粒细胞增多性脑膜炎,type=间接,福寿螺
福寿螺,CAUSES,人类感染广州管圆线虫病,type=间接,福寿螺
福寿螺,CAUSES,人类感染脑膜炎,type=间接,福寿螺
福寿螺,CAUSES,人类皮肤过敏,type=间接,福寿螺
福寿螺,CAUSES,农民手脚划伤,type=直接,福寿螺
福寿螺,CAUSES,水体污染,type=直接,福寿螺
福寿螺,CAUSES,水稻减产,type=直接,福寿螺
福寿螺,CAUSES,生态系统破坏,type=直接,福寿螺
福寿螺,CAUSES,生物多样性降低,type=直接,福寿螺
福寿螺,COMPETES_WITH,Pila ampullacea,severity=高,福寿螺
福寿螺,COMPETES_WITH,Pila pesmei,severity=高,福寿螺
福寿螺,COMPETES_WITH,中华圆田螺,severity=高,福寿螺
福寿螺,COMPETES_WITH,中国圆田螺,severity=高,福寿螺
福寿螺,COMPETES_WITH,本地淡水生物,severity=高,福寿螺
福寿螺,HAS_ALIAS,Pomacea canaliculata,type=学名,福寿螺
福寿螺,HAS_ALIAS,大瓶螺,type=俗名,福寿螺
福寿螺,HAS_ALIAS,夭寿螺,type=俗名,福寿螺
福寿螺,HAS_ALIAS,苹果螺,type=俗名,福寿螺
福寿螺,HAS_ALIAS,金宝螺,type=俗名,福寿螺
福寿螺,HAS_HABIT,休眠,无,福寿螺
福寿螺,HAS_HABIT,夜间活动,无,福寿螺
福寿螺,HAS_HABIT,避光性,无,福寿螺
福寿螺,HAS_HABIT,集群,无,福寿螺
福寿螺,HAS_MORPHOLOGY,体螺层膨大,无,福寿螺
福寿螺,HAS_MORPHOLOGY,螺体右旋贝壳近似圆盘形,无,福寿螺
福寿螺,HAS_MORPHOLOGY,贝壳黄褐色表面光滑,无,福寿螺
福寿螺,INTRODUCED_VIA,人为引种食用,无,福寿螺
福寿螺,INTRODUCED_VIA,攀附船只,无,福寿螺
福寿螺,INTRODUCED_VIA,水族馆释放,无,福寿螺
福寿螺,INTRODUCED_VIA,水渠灌溉,无,福寿螺
福寿螺,MITIGATES,人工捡拾成螺,method=物理;type=主要,福寿螺
福寿螺,MITIGATES,人工摘除卵块,method=物理;type=主要,福寿螺
福寿螺,MITIGATES,使用夹竹桃提取液,method=生物;type=辅助,福寿螺
福寿螺,MITIGATES,使用夹竹桃皂苷,method=生物;type=辅助,福寿螺
福寿螺,MITIGATES,使用环肽提取物,method=生物;type=辅助,福寿螺
福寿螺,MITIGATES,使用茶皂素,method=生物;type=辅助,福寿螺
福寿螺,MITIGATES,使用诱捕剂,method=物理;type=辅助,福寿螺
福寿螺,MITIGATES,使用金属dehyde,method=化学;type=主要,福寿螺
福寿螺,MITIGATES,冬修水利整治沟渠,method=农业;type=主要,福寿螺
福寿螺,MITIGATES,喷洒杀螺胺,method=化学;type=主要,福寿螺
福寿螺,MITIGATES,喷洒氯硝柳胺,method=化学;type=主要,福寿螺
福寿螺,MITIGATES,喷洒环保杀螺剂,method=化学;type=主要,福寿螺
福寿螺,MITIGATES,插竹片引诱产卵,method=物理;type=辅助,福寿螺
福寿螺,MITIGATES,放养青鱼,method=生物;type=辅助,福寿螺
福寿螺,MITIGATES,放养鲤鱼,method=生物;type=辅助,福寿螺
福寿螺,MITIGATES,放养鳖,method=生物;type=辅助,福寿螺
福寿螺,MITIGATES,放养鸭子,method=生物;type=辅助,福寿螺
福寿螺,MITIGATES,放置铁丝网阻隔,method=物理;type=辅助,福寿螺
福寿螺,MITIGATES,晒田,method=农业;type=主要,福寿螺
福寿螺,MITIGATES,调节水位淹没卵块,method=农业;type=辅助,福寿螺
福寿螺,NATIVE_TO,乌拉圭,无,福寿螺
福寿螺,NATIVE_TO,亚马逊河流域,无,福寿螺
福寿螺,NATIVE_TO,南美洲,无,福寿螺
福寿螺,NATIVE_TO,巴拉圭,无,福寿螺
福寿螺,NATIVE_TO,巴拉圭河,无,福寿螺
福寿螺,NATIVE_TO,巴拉那河,无,福寿螺
福寿螺,NATIVE_TO,巴西,无,福寿螺
福寿螺,NATIVE_TO,普拉塔流域,无,福寿螺
福寿螺,NATIVE_TO,玻利维亚,无,福寿螺
福寿螺,NATIVE_TO,阿根廷,无,福寿螺
福寿螺,PREYS_ON,小型鱼虾,severity=低,福寿螺
福寿螺,PREYS_ON,慈菇,severity=中,福寿螺
福寿螺,PREYS_ON,水生维管植物,severity=高,福寿螺
福寿螺,PREYS_ON,水稻,severity=高,福寿螺
福寿螺,PREYS_ON,浮萍,severity=中,福寿螺
福寿螺,PREYS_ON,甘薯,severity=中,福寿螺
福寿螺,PREYS_ON,紫云英,severity=中,福寿螺
福寿螺,PREYS_ON,腐殖质碎屑,severity=低,福寿螺
福寿螺,PREYS_ON,芋头,severity=高,福寿螺
福寿螺,PREYS_ON,芡实,severity=高,福寿螺
福寿螺,PREYS_ON,茨实,severity=中,福寿螺
福寿螺,PREYS_ON,茭白,severity=高,福寿螺
福寿螺,PREYS_ON,荸荠,severity=高,福寿螺
福寿螺,PREYS_ON,莲,severity=高,福寿螺
福寿螺,PREYS_ON,菱角,severity=高,福寿螺
福寿螺,PREYS_ON,蔬菜,severity=中,福寿螺
福寿螺,PREYS_ON,蕹菜,severity=高,福寿螺
福寿螺,PREYS_ON,藻类,severity=低,福寿螺
福寿螺,SPREAD_RISK_TO,中国长江以北地区,confidence=高,福寿螺
福寿螺,SPREAD_RISK_TO,加拿大艾伯塔省,confidence=中,福寿螺
福寿螺,SPREAD_RISK_TO,印度稻作区,confidence=中,福寿螺
福寿螺,SPREAD_RISK_TO,澳大利亚自然湿地,confidence=中,福寿螺
福寿螺,SPREAD_RISK_TO,非洲大陆,confidence=中,福寿螺
福寿螺,SPREAD_RISK_TO,韩国北部地区,confidence=高,福寿螺
福寿螺,THRIVES_IN,农田浅水区,无,福寿螺
福寿螺,THRIVES_IN,水渠,无,福寿螺
福寿螺,THRIVES_IN,池塘,无,福寿螺
福寿螺,THRIVES_IN,沼泽,无,福寿螺
福寿螺,THRIVES_IN,淡水水体,无,福寿螺
福寿螺,THRIVES_IN,湖泊,无,福寿螺
福寿螺,THRIVES_IN,稻田,无,福寿螺
《中华人民共和国刑法》第三百四十四条之一,MITIGATES,红耳彩龟,method=检疫;type=主要,红耳彩龟
《中华人民共和国生物安全法》,MITIGATES,红耳彩龟,method=检疫;type=主要,红耳彩龟
《中国外来入侵物种名单（第三批）》,MITIGATES,红耳彩龟,method=检疫;type=主要,红耳彩龟
《口岸重点管控外来物种名录》,MITIGATES,红耳彩龟,method=检疫;type=主要,红耳彩龟
《重点管理外来入侵物种名录》,MITIGATES,红耳彩龟,method=检疫;type=主要,红耳彩龟
严厉打击走私,MITIGATES,红耳彩龟,method=检疫;type=主要,红耳彩龟
中国入侵事件,CAUSES,红耳彩龟在中国野外广泛分布,type=直接,红耳彩龟
中国入侵事件,DURING,1980年代,,红耳彩龟
人工捕捉,MITIGATES,红耳彩龟,method=物理;type=主要,红耳彩龟
人工捕捉,MITIGATES,红耳彩龟,method=物理;type=辅助,红耳彩龟
佛罗里达州防治事件,DURING,未指定时间,,红耳彩龟
佛罗里达州防治事件,MITIGATES,红耳彩龟,method=检疫;type=主要,红耳彩龟
俄罗斯防治事件,DURING,未指定时间,,红耳彩龟
俄罗斯防治事件,MITIGATES,红耳彩龟,method=检疫;type=主要,红耳彩龟
俄罗斯防治事件,MITIGATES,红耳彩龟,method=物理;type=辅助,红耳彩龟
修订外来生物法,MITIGATES,红耳彩龟,method=检疫;type=主要,红耳彩龟
全国预防和根除策略,MITIGATES,红耳彩龟,method=农业;type=主要,红耳彩龟
全异巨首蚁,PREYS_ON,红耳彩龟,severity=高,红耳彩龟
加强宣传教育,MITIGATES,红耳彩龟,method=农业;type=辅助,红耳彩龟
印度防治事件,DURING,未指定时间,,红耳彩龟
印度防治事件,MITIGATES,红耳彩龟,method=物理;type=主要,红耳彩龟
广东省珠海市非法引进红耳彩龟事件,AFTER,广东省珠海市非法引进红耳彩龟案判决,,红耳彩龟
广东省珠海市非法引进红耳彩龟事件,CAUSES,生物安全威胁,type=直接,红耳彩龟
广东省珠海市非法引进红耳彩龟事件,DURING,2022年,,红耳彩龟
广东省珠海市非法引进红耳彩龟案判决,CAUSES,公众防控意识提升,type=间接,红耳彩龟
广东省珠海市非法引进红耳彩龟案判决,CAUSES,法律震慑效应,type=间接,红耳彩龟
广东省珠海市非法引进红耳彩龟案判决,DURING,2024年,,红耳彩龟
广东省珠海市非法引进红耳彩龟案判决,MITIGATES,广东省珠海市非法引进红耳彩龟事件,method=检疫;type=主要,红耳彩龟
广东省防治事件,DURING,2017年,,红耳彩龟
拉布拉多犬猎捕,MITIGATES,红耳彩龟,method=物理;type=主要,红耳彩龟
提高进口税率,MITIGATES,红耳彩龟,method=检疫;type=辅助,红耳彩龟
教育与合规计划,MITIGATES,红耳彩龟,method=农业;type=辅助,红耳彩龟
新加坡防治事件,DURING,未指定时间,,红耳彩龟
新加坡防治事件,MITIGATES,红耳彩龟,method=检疫;type=主要,红耳彩龟
无害化处理,MITIGATES,红耳彩龟,method=物理;type=主要,红耳彩龟
日本防治事件,DURING,2015年,,红耳彩龟
日本防治事件,DURING,2023年6月,,红耳彩龟
日本防治事件,MITIGATES,红耳彩龟,method=检疫;type=主要,红耳彩龟
昆士兰州防治事件,DURING,未指定时间,,红耳彩龟
昆士兰州防治事件,MITIGATES,红耳彩龟,method=物理;type=主要,红耳彩龟
某种大头蚁,PREYS_ON,红耳彩龟,severity=高,红耳彩龟
欧盟防治事件,DURING,未指定时间,,红耳彩龟
欧盟防治事件,MITIGATES,红耳彩龟,method=检疫;type=主要,红耳彩龟
澳大利亚防治事件,DURING,未指定时间,,红耳彩龟
澳大利亚防治事件,MITIGATES,红耳彩龟,method=检疫;type=主要,红耳彩龟
禁止出售和放生,MITIGATES,红耳彩龟,method=检疫;type=主要,红耳彩龟
移交野生动物救护中心,MITIGATES,红耳彩龟,method=生物;type=辅助,红耳彩龟
立法控制进出口,MITIGATES,红耳彩龟,method=检疫;type=主要,红耳彩龟
红火蚁,PREYS_ON,红耳彩龟,severity=高,红耳彩龟
红耳彩龟,AFFECTS,21种易危印度本土淡水龟,,红耳彩龟
红耳彩龟,AFFECTS,人类健康,,红耳彩龟
红耳彩龟,AFFECTS,本土水生生物,,红耳彩龟
红耳彩龟,AFFECTS,本土龟类,,红耳彩龟
红耳彩龟,AFFECTS,稀有青蛙,,红耳彩龟
红耳彩龟,BELONGS_TO,Trachemys scripta,rank=属,红耳彩龟
红耳彩龟,BELONGS_TO,彩龟,rank=种,红耳彩龟
红耳彩龟,BELONGS_TO,彩龟属,rank=属,红耳彩龟
红耳彩龟,BELONGS_TO,泽龟科,rank=科,红耳彩龟
红耳彩龟,BELONGS_TO,爬行纲,rank=纲,红耳彩龟
红耳彩龟,BELONGS_TO,龟科,rank=科,红耳彩龟
红耳彩龟,BELONGS_TO,龟鳖目,rank=目,红耳彩龟
红耳彩龟,CAUSES,与本土龟类杂交,type=直接,红耳彩龟
红耳彩龟,CAUSES,与本土龟类杂交导致种质资源混杂,type=直接,红耳彩龟
红耳彩龟,CAUSES,传播吸虫,type=直接,红耳彩龟
红耳彩龟,CAUSES,传播沙门氏杆菌,type=直接,红耳彩龟
红耳彩龟,CAUSES,传播线虫,type=直接,红耳彩龟
红耳彩龟,CAUSES,卫生危害,type=直接,红耳彩龟
红耳彩龟,CAUSES,威胁本地物种生存,type=直接,红耳彩龟
红耳彩龟,CAUSES,引发人类脑膜炎,type=间接,红耳彩龟
红耳彩龟,CAUSES,挤占本土龟类生存空间,type=直接,红耳彩龟
红耳彩龟,CAUSES,掠夺其他生物生存资源,type=直接,红耳彩龟
红耳彩龟,CAUSES,本土龟类种群下降,type=直接,红耳彩龟
红耳彩龟,CAUSES,水体富营养化,type=间接,红耳彩龟
红耳彩龟,CAUSES,沙门氏杆菌传播,type=直接,红耳彩龟
红耳彩龟,CAUSES,沙门氏菌传播,type=直接,红耳彩龟
红耳彩龟,CAUSES,淡水渔业损失,type=直接,红耳彩龟
红耳彩龟,CAUSES,生态危害,type=直接,红耳彩龟
红耳彩龟,CAUSES,生态系统功能受损,type=直接,红耳彩龟
红耳彩龟,CAUSES,生物多样性丧失,type=直接,红耳彩龟
红耳彩龟,CAUSES,生物多样性破坏,type=间接,红耳彩龟
红耳彩龟,CAUSES,破坏生态系统平衡,type=间接,红耳彩龟
红耳彩龟,CAUSES,社会危害,type=直接,红耳彩龟
红耳彩龟,CAUSES,经济危害,type=直接,红耳彩龟
红耳彩龟,CAUSES,经济损失,type=直接,红耳彩龟
红耳彩龟,COMPETES_WITH,Mauremys leprosa,severity=高,红耳彩龟
红耳彩龟,COMPETES_WITH,中华草龟,severity=中,红耳彩龟
红耳彩龟,COMPETES_WITH,中华草龟,severity=高,红耳彩龟
红耳彩龟,COMPETES_WITH,本土龟类,severity=高,红耳彩龟
红耳彩龟,COMPETES_WITH,本地龟类,severity=高,红耳彩龟
红耳彩龟,COMPETES_WITH,花龟,severity=高,红耳彩龟
红耳彩龟,COMPETES_WITH,草龟,severity=高,红耳彩龟
红耳彩龟,COMPETES_WITH,黄喉拟水龟,severity=高,红耳彩龟
红耳彩龟,COMPETES_WITH,黄腹彩龟,severity=高,红耳彩龟
红耳彩龟,HAS_ALIAS,Trachemys scripta elegans,type=学名,红耳彩龟
红耳彩龟,HAS_ALIAS,七彩龟,type=俗名,红耳彩龟
红耳彩龟,HAS_ALIAS,密西西比红耳龟,type=俗名,红耳彩龟
红耳彩龟,HAS_ALIAS,巴西彩龟,type=俗名,红耳彩龟
红耳彩龟,HAS_ALIAS,巴西龟,type=俗名,红耳彩龟
红耳彩龟,HAS_ALIAS,秀丽锦龟,type=俗名,红耳彩龟
红耳彩龟,HAS_ALIAS,红耳泥龟,type=俗名,红耳彩龟
红耳彩龟,HAS_ALIAS,红耳滑龟,type=俗名,红耳彩龟
红耳彩龟,HAS_ALIAS,红耳龟,type=俗名,红耳彩龟
红耳彩龟,HAS_ALIAS,翠龟,type=俗名,红耳彩龟
红耳彩龟,HAS_ALIAS,麻将龟,type=俗名,红耳彩龟
红耳彩龟,HAS_HABIT,水栖性适应性强生存水温2至38摄氏度最适生长水温26至30摄氏度15摄氏度进入冬眠杂食性偏动物性喜食鱼虾蚌及动物内脏,,红耳彩龟
红耳彩龟,HAS_MORPHOLOGY,头较小吻钝头颈处具黄绿相间的纵条纹眼后有1对红色斑块背甲扁平背部中央有1条明显的脊棱,,红耳彩龟
红耳彩龟,INTRODUCED_VIA,不合理放生,,红耳彩龟
红耳彩龟,INTRODUCED_VIA,人为引入,,红耳彩龟
红耳彩龟,INTRODUCED_VIA,养殖逃逸,,红耳彩龟
红耳彩龟,INTRODUCED_VIA,国际交流日益频繁,,红耳彩龟
红耳彩龟,INTRODUCED_VIA,国际贸易,,红耳彩龟
红耳彩龟,INTRODUCED_VIA,宠物贸易,,红耳彩龟
红耳彩龟,INTRODUCED_VIA,宠物释放,,红耳彩龟
红耳彩龟,INTRODUCED_VIA,弃养,,红耳彩龟
红耳彩龟,INTRODUCED_VIA,放生活动,,红耳彩龟
红耳彩龟,INTRODUCED_VIA,水产养殖引种,,红耳彩龟
红耳彩龟,INTRODUCED_VIA,观赏渔业引种,,红耳彩龟
红耳彩龟,INTRODUCED_VIA,非法携带进境,,红耳彩龟
红耳彩龟,MITIGATES,人工捕捉,method=物理;type=主要,红耳彩龟
红耳彩龟,MITIGATES,环境DNA监测,method=检疫;type=辅助,红耳彩龟
红耳彩龟,NATIVE_TO,南美洲,,红耳彩龟
红耳彩龟,NATIVE_TO,墨西哥东北部,,红耳彩龟
红耳彩龟,NATIVE_TO,密西西比流域,,红耳彩龟
红耳彩龟,NATIVE_TO,美国,,红耳彩龟
红耳彩龟,NATIVE_TO,美国南部,,红耳彩龟
红耳彩龟,NATIVE_TO,美国密西西比河流域,,红耳彩龟
红耳彩龟,PREYS_ON,两栖类,severity=中,红耳彩龟
红耳彩龟,PREYS_ON,初生幼体,severity=低,红耳彩龟
红耳彩龟,PREYS_ON,小虾,severity=中,红耳彩龟
红耳彩龟,PREYS_ON,小鱼,severity=中,红耳彩龟
红耳彩龟,PREYS_ON,小龙虾,severity=中,红耳彩龟
红耳彩龟,PREYS_ON,昆虫,severity=中,红耳彩龟
红耳彩龟,PREYS_ON,植物嫩茎叶,severity=中,红耳彩龟
红耳彩龟,PREYS_ON,水生植物,severity=中,红耳彩龟
红耳彩龟,PREYS_ON,甲壳类,severity=中,红耳彩龟
红耳彩龟,PREYS_ON,蚯蚓,severity=中,红耳彩龟
红耳彩龟,PREYS_ON,蛙类,severity=高,红耳彩龟
红耳彩龟,PREYS_ON,蜗牛,severity=中,红耳彩龟
红耳彩龟,PREYS_ON,蝌蚪,severity=中,红耳彩龟
红耳彩龟,PREYS_ON,蝌蚪,severity=高,红耳彩龟
红耳彩龟,PREYS_ON,贝壳类,severity=高,红耳彩龟
红耳彩龟,PREYS_ON,贝类,severity=中,红耳彩龟
红耳彩龟,PREYS_ON,鱼类,severity=高,红耳彩龟
红耳彩龟,PREYS_ON,龟卵,severity=低,红耳彩龟
红耳彩龟,SPREAD_RISK_TO,不丹,confidence=低,红耳彩龟
红耳彩龟,SPREAD_RISK_TO,东帝汶,confidence=低,红耳彩龟
红耳彩龟,SPREAD_RISK_TO,中国,confidence=高,红耳彩龟
红耳彩龟,SPREAD_RISK_TO,中国东南部省份,confidence=高,红耳彩龟
红耳彩龟,SPREAD_RISK_TO,中美洲,confidence=低,红耳彩龟
红耳彩龟,SPREAD_RISK_TO,丹麦,confidence=低,红耳彩龟
红耳彩龟,SPREAD_RISK_TO,乌克兰,confidence=低,红耳彩龟
红耳彩龟,SPREAD_RISK_TO,乌兹别克斯坦,confidence=低,红耳彩龟
红耳彩龟,SPREAD_RISK_TO,乌干达,confidence=低,红耳彩龟
红耳彩龟,SPREAD_RISK_TO,乌拉圭,confidence=低,红耳彩龟
红耳彩龟,SPREAD_RISK_TO,乍得,confidence=低,红耳彩龟
红耳彩龟,SPREAD_RISK_TO,乔治五世地,confidence=低,红耳彩龟
红耳彩龟,SPREAD_RISK_TO,也门,confidence=低,红耳彩龟
红耳彩龟,SPREAD_RISK_TO,亚洲,confidence=低,红耳彩龟
红耳彩龟,SPREAD_RISK_TO,亚美尼亚,confidence=低,红耳彩龟
红耳彩龟,SPREAD_RISK_TO,以色列,confidence=低,红耳彩龟
红耳彩龟,SPREAD_RISK_TO,伊拉克,confidence=低,红耳彩龟
红耳彩龟,SPREAD_RISK_TO,伊朗,confidence=低,红耳彩龟
红耳彩龟,SPREAD_RISK_TO,伯利兹,confidence=低,红耳彩龟
红耳彩龟,SPREAD_RISK_TO,佛得角,confidence=低,红耳彩龟
红耳彩龟,SPREAD_RISK_TO,俄罗斯,confidence=低,红耳彩龟
红耳彩龟,SPREAD_RISK_TO,保加利亚,confidence=低,红耳彩龟
红耳彩龟,SPREAD_RISK_TO,克罗地亚,confidence=低,红耳彩龟
红耳彩龟,SPREAD_RISK_TO,全国主要水系,confidence=高,红耳彩龟
红耳彩龟,SPREAD_RISK_TO,全国水域,confidence=高,红耳彩龟
红耳彩龟,SPREAD_RISK_TO,冈比亚,confidence=低,红耳彩龟
红耳彩龟,SPREAD_RISK_TO,冰岛,confidence=低,红耳彩龟
红耳彩龟,SPREAD_RISK_TO,几内亚,confidence=低,红耳彩龟
红耳彩龟,SPREAD_RISK_TO,几内亚比绍,confidence=低,红耳彩龟
红耳彩龟,SPREAD_RISK_TO,列支敦士登,confidence=低,红耳彩龟
红耳彩龟,SPREAD_RISK_TO,刚果共和国,confidence=低,红耳彩龟
红耳彩龟,SPREAD_RISK_TO,刚果民主共和国,confidence=低,红耳彩龟
红耳彩龟,SPREAD_RISK_TO,利比亚,confidence=低,红耳彩龟
红耳彩龟,SPREAD_RISK_TO,利比里亚,confidence=低,红耳彩龟
红耳彩龟,SPREAD_RISK_TO,加勒比地区,confidence=低,红耳彩龟
红耳彩龟,SPREAD_RISK_TO,加拿大,confidence=低,红耳彩龟
红耳彩龟,SPREAD_RISK_TO,加纳,confidence=低,红耳彩龟
红耳彩龟,SPREAD_RISK_TO,加蓬,confidence=低,红耳彩龟
红耳彩龟,SPREAD_RISK_TO,匈牙利,confidence=低,红耳彩龟
红耳彩龟,SPREAD_RISK_TO,北美洲,confidence=低,红耳彩龟
红耳彩龟,SPREAD_RISK_TO,北马其顿,confidence=低,红耳彩龟
红耳彩龟,SPREAD_RISK_TO,华南水域,confidence=高,红耳彩龟
红耳彩龟,SPREAD_RISK_TO,南乔治亚和南桑威奇群岛,confidence=低,红耳彩龟
红耳彩龟,SPREAD_RISK_TO,南方水域,confidence=高,红耳彩龟
红耳彩龟,SPREAD_RISK_TO,南极半岛,,红耳彩龟
红耳彩龟,SPREAD_RISK_TO,南极洲,confidence=低,红耳彩龟
红耳彩龟,SPREAD_RISK_TO,南美洲,confidence=低,红耳彩龟
红耳彩龟,SPREAD_RISK_TO,南苏丹,confidence=低,红耳彩龟
红耳彩龟,SPREAD_RISK_TO,南非,confidence=低,红耳彩龟
红耳彩龟,SPREAD_RISK_TO,博茨瓦纳,confidence=低,红耳彩龟
红耳彩龟,SPREAD_RISK_TO,卡塔尔,confidence=低,红耳彩龟
红耳彩龟,SPREAD_RISK_TO,卢旺达,confidence=低,红耳彩龟
红耳彩龟,SPREAD_RISK_TO,卢森堡,confidence=低,红耳彩龟
红耳彩龟,SPREAD_RISK_TO,印度,confidence=低,红耳彩龟
红耳彩龟,SPREAD_RISK_TO,印度东北部自然水体,confidence=高,红耳彩龟
红耳彩龟,SPREAD_RISK_TO,印度尼西亚,confidence=低,红耳彩龟
红耳彩龟,SPREAD_RISK_TO,危地马拉,confidence=低,红耳彩龟
红耳彩龟,SPREAD_RISK_TO,厄瓜多尔,confidence=低,红耳彩龟
红耳彩龟,SPREAD_RISK_TO,厄立特里亚,confidence=低,红耳彩龟
红耳彩龟,SPREAD_RISK_TO,叙利亚,confidence=低,红耳彩龟
红耳彩龟,SPREAD_RISK_TO,吉尔吉斯斯坦,confidence=低,红耳彩龟
红耳彩龟,SPREAD_RISK_TO,吉布提,confidence=低,红耳彩龟
红耳彩龟,SPREAD_RISK_TO,哈萨克斯坦,confidence=低,红耳彩龟
红耳彩龟,SPREAD_RISK_TO,哥伦比亚,confidence=低,红耳彩龟
红耳彩龟,SPREAD_RISK_TO,哥斯达黎加,confidence=低,红耳彩龟
红耳彩龟,SPREAD_RISK_TO,喀麦隆,confidence=低,红耳彩龟
红耳彩龟,SPREAD_RISK_TO,图瓦卢,confidence=低,红耳彩龟
红耳彩龟,SPREAD_RISK_TO,土库曼斯坦,confidence=低,红耳彩龟
红耳彩龟,SPREAD_RISK_TO,土耳其,confidence=低,红耳彩龟
红耳彩龟,SPREAD_RISK_TO,圣多美和普林西比,confidence=低,红耳彩龟
红耳彩龟,SPREAD_RISK_TO,圣赫勒拿,confidence=低,红耳彩龟
红耳彩龟,SPREAD_RISK_TO,圣马力诺,confidence=低,红耳彩龟
红耳彩龟,SPREAD_RISK_TO,圭亚那,confidence=低,红耳彩龟
红耳彩龟,SPREAD_RISK_TO,坦桑尼亚,confidence=低,红耳彩龟
红耳彩龟,SPREAD_RISK_TO,埃及,confidence=低,红耳彩龟
红耳彩龟,SPREAD_RISK_TO,埃塞俄比亚,confidence=低,红耳彩龟
红耳彩龟,SPREAD_RISK_TO,埃尔斯沃思地,confidence=低,红耳彩龟
红耳彩龟,SPREAD_RISK_TO,基里巴斯,confidence=低,红耳彩龟
红耳彩龟,SPREAD_RISK_TO,塔吉克斯坦,confidence=低,红耳彩龟
红耳彩龟,SPREAD_RISK_TO,塞内加尔,confidence=低,红耳彩龟
红耳彩龟,SPREAD_RISK_TO,塞尔维亚,confidence=低,红耳彩龟
红耳彩龟,SPREAD_RISK_TO,塞拉利昂,confidence=低,红耳彩龟
红耳彩龟,SPREAD_RISK_TO,塞浦路斯,confidence=低,红耳彩龟
红耳彩龟,SPREAD_RISK_TO,塞舌尔,confidence=低,红耳彩龟
红耳彩龟,SPREAD_RISK_TO,墨西哥,confidence=低,红耳彩龟
红耳彩龟,SPREAD_RISK_TO,多哥,confidence=低,红耳彩龟
红耳彩龟,SPREAD_RISK_TO,大洋洲,confidence=低,红耳彩龟
红耳彩龟,SPREAD_RISK_TO,奥地利,confidence=低,红耳彩龟
红耳彩龟,SPREAD_RISK_TO,奥茨地,confidence=低,红耳彩龟
红耳彩龟,SPREAD_RISK_TO,委内瑞拉,confidence=低,红耳彩龟
红耳彩龟,SPREAD_RISK_TO,威尔克斯地,confidence=低,红耳彩龟
红耳彩龟,SPREAD_RISK_TO,孟加拉国,confidence=低,红耳彩龟
红耳彩龟,SPREAD_RISK_TO,安哥拉,confidence=低,红耳彩龟
红耳彩龟,SPREAD_RISK_TO,安道尔,confidence=低,红耳彩龟
红耳彩龟,SPREAD_RISK_TO,密克罗尼西亚联邦,confidence=低,红耳彩龟
红耳彩龟,SPREAD_RISK_TO,尼加拉瓜,confidence=低,红耳彩龟
红耳彩龟,SPREAD_RISK_TO,尼日利亚,confidence=低,红耳彩龟
红耳彩龟,SPREAD_RISK_TO,尼日尔,confidence=低,红耳彩龟
红耳彩龟,SPREAD_RISK_TO,尼泊尔,confidence=低,红耳彩龟
红耳彩龟,SPREAD_RISK_TO,巴哈马,confidence=低,红耳彩龟
红耳彩龟,SPREAD_RISK_TO,巴基斯坦,confidence=低,红耳彩龟
红耳彩龟,SPREAD_RISK_TO,巴布亚新几内亚,confidence=低,红耳彩龟
红耳彩龟,SPREAD_RISK_TO,巴拉圭,confidence=低,红耳彩龟
红耳彩龟,SPREAD_RISK_TO,巴拿马,confidence=低,红耳彩龟
红耳彩龟,SPREAD_RISK_TO,巴林,confidence=低,红耳彩龟
红耳彩龟,SPREAD_RISK_TO,巴西,confidence=低,红耳彩龟
红耳彩龟,SPREAD_RISK_TO,布基纳法索,confidence=低,红耳彩龟
红耳彩龟,SPREAD_RISK_TO,布隆迪,confidence=低,红耳彩龟
红耳彩龟,SPREAD_RISK_TO,布韦岛,confidence=低,红耳彩龟
红耳彩龟,SPREAD_RISK_TO,希腊,confidence=低,红耳彩龟
红耳彩龟,SPREAD_RISK_TO,帕劳,confidence=低,红耳彩龟
红耳彩龟,SPREAD_RISK_TO,彼得一世岛,confidence=低,红耳彩龟
红耳彩龟,SPREAD_RISK_TO,德国,confidence=低,红耳彩龟
红耳彩龟,SPREAD_RISK_TO,恩德比地,confidence=低,红耳彩龟
红耳彩龟,SPREAD_RISK_TO,意大利,confidence=低,红耳彩龟
红耳彩龟,SPREAD_RISK_TO,所罗门群岛,confidence=低,红耳彩龟
红耳彩龟,SPREAD_RISK_TO,扬马延岛,confidence=低,红耳彩龟
红耳彩龟,SPREAD_RISK_TO,拉脱维亚,confidence=低,红耳彩龟
红耳彩龟,SPREAD_RISK_TO,挪威,confidence=低,红耳彩龟
红耳彩龟,SPREAD_RISK_TO,挪威南极领地,confidence=低,红耳彩龟
红耳彩龟,SPREAD_RISK_TO,捷克,confidence=低,红耳彩龟
红耳彩龟,SPREAD_RISK_TO,摩尔多瓦,confidence=低,红耳彩龟
红耳彩龟,SPREAD_RISK_TO,摩洛哥,confidence=低,红耳彩龟
红耳彩龟,SPREAD_RISK_TO,摩纳哥,confidence=低,红耳彩龟
红耳彩龟,SPREAD_RISK_TO,文莱,confidence=低,红耳彩龟
红耳彩龟,SPREAD_RISK_TO,斐济,confidence=低,红耳彩龟
红耳彩龟,SPREAD_RISK_TO,斯威士兰,confidence=低,红耳彩龟
红耳彩龟,SPREAD_RISK_TO,斯洛伐克,confidence=低,红耳彩龟
红耳彩龟,SPREAD_RISK_TO,斯洛文尼亚,confidence=低,红耳彩龟
红耳彩龟,SPREAD_RISK_TO,斯瓦尔巴群岛,confidence=低,红耳彩龟
红耳彩龟,SPREAD_RISK_TO,斯里兰卡,confidence=低,红耳彩龟
红耳彩龟,SPREAD_RISK_TO,新加坡,confidence=低,红耳彩龟
红耳彩龟,SPREAD_RISK_TO,新西兰,confidence=低,红耳彩龟
红耳彩龟,SPREAD_RISK_TO,智利,confidence=低,红耳彩龟
红耳彩龟,SPREAD_RISK_TO,智利南极领地,confidence=低,红耳彩龟
红耳彩龟,SPREAD_RISK_TO,朝鲜,confidence=低,红耳彩龟
红耳彩龟,SPREAD_RISK_TO,柬埔寨,confidence=低,红耳彩龟
红耳彩龟,SPREAD_RISK_TO,格陵兰,confidence=低,红耳彩龟
红耳彩龟,SPREAD_RISK_TO,格鲁吉亚,confidence=低,红耳彩龟
红耳彩龟,SPREAD_RISK_TO,梵蒂冈,confidence=低,红耳彩龟
红耳彩龟,SPREAD_RISK_TO,欧洲,confidence=低,红耳彩龟
红耳彩龟,SPREAD_RISK_TO,欧洲联盟,confidence=低,红耳彩龟
红耳彩龟,SPREAD_RISK_TO,比利时,confidence=低,红耳彩龟
红耳彩龟,SPREAD_RISK_TO,毛德皇后地,confidence=低,红耳彩龟
红耳彩龟,SPREAD_RISK_TO,毛里塔尼亚,confidence=低,红耳彩龟
红耳彩龟,SPREAD_RISK_TO,毛里求斯,confidence=低,红耳彩龟
红耳彩龟,SPREAD_RISK_TO,汤加,confidence=低,红耳彩龟
红耳彩龟,SPREAD_RISK_TO,沙特阿拉伯,confidence=低,红耳彩龟
红耳彩龟,SPREAD_RISK_TO,法国,confidence=低,红耳彩龟
红耳彩龟,SPREAD_RISK_TO,法属南部和南极领地,confidence=低,红耳彩龟
红耳彩龟,SPREAD_RISK_TO,法属圭亚那,confidence=低,红耳彩龟
红耳彩龟,SPREAD_RISK_TO,法罗群岛,confidence=低,红耳彩龟
红耳彩龟,SPREAD_RISK_TO,波兰,confidence=低,红耳彩龟
红耳彩龟,SPREAD_RISK_TO,波斯尼亚和黑塞哥维那,confidence=低,红耳彩龟
红耳彩龟,SPREAD_RISK_TO,津巴布韦,confidence=低,红耳彩龟
红耳彩龟,SPREAD_RISK_TO,洪都拉斯,confidence=低,红耳彩龟
红耳彩龟,SPREAD_RISK_TO,澳大利亚,confidence=高,红耳彩龟
红耳彩龟,SPREAD_RISK_TO,澳大利亚,confidence=低,红耳彩龟
红耳彩龟,SPREAD_RISK_TO,澳大利亚南极领地,confidence=低,红耳彩龟
红耳彩龟,SPREAD_RISK_TO,爱尔兰,confidence=低,红耳彩龟
红耳彩龟,SPREAD_RISK_TO,爱沙尼亚,confidence=低,红耳彩龟
红耳彩龟,SPREAD_RISK_TO,玛丽伯德地,confidence=低,红耳彩龟
红耳彩龟,SPREAD_RISK_TO,玻利维亚,confidence=低,红耳彩龟
红耳彩龟,SPREAD_RISK_TO,瑙鲁,confidence=低,红耳彩龟
红耳彩龟,SPREAD_RISK_TO,瑞典,confidence=低,红耳彩龟
红耳彩龟,SPREAD_RISK_TO,瑞士,confidence=低,红耳彩龟
红耳彩龟,SPREAD_RISK_TO,瓦努阿图,confidence=低,红耳彩龟
红耳彩龟,SPREAD_RISK_TO,白俄罗斯,confidence=低,红耳彩龟
红耳彩龟,SPREAD_RISK_TO,百慕大,confidence=低,红耳彩龟
红耳彩龟,SPREAD_RISK_TO,科威特,confidence=低,红耳彩龟
红耳彩龟,SPREAD_RISK_TO,科摩罗,confidence=低,红耳彩龟
红耳彩龟,SPREAD_RISK_TO,科特迪瓦,confidence=低,红耳彩龟
红耳彩龟,SPREAD_RISK_TO,秘鲁,confidence=低,红耳彩龟
红耳彩龟,SPREAD_RISK_TO,突尼斯,confidence=低,红耳彩龟
红耳彩龟,SPREAD_RISK_TO,立陶宛,confidence=低,红耳彩龟
红耳彩龟,SPREAD_RISK_TO,索马里,confidence=低,红耳彩龟
红耳彩龟,SPREAD_RISK_TO,约旦,confidence=低,红耳彩龟
红耳彩龟,SPREAD_RISK_TO,纳米比亚,confidence=低,红耳彩龟
红耳彩龟,SPREAD_RISK_TO,维多利亚地,confidence=低,红耳彩龟
红耳彩龟,SPREAD_RISK_TO,缅甸,confidence=低,红耳彩龟
红耳彩龟,SPREAD_RISK_TO,罗斯属地,confidence=低,红耳彩龟
红耳彩龟,SPREAD_RISK_TO,罗马尼亚,confidence=低,红耳彩龟
红耳彩龟,SPREAD_RISK_TO,美国,confidence=低,红耳彩龟
红耳彩龟,SPREAD_RISK_TO,美洲,confidence=低,红耳彩龟
红耳彩龟,SPREAD_RISK_TO,老挝,confidence=低,红耳彩龟
红耳彩龟,SPREAD_RISK_TO,肯尼亚,confidence=低,红耳彩龟
红耳彩龟,SPREAD_RISK_TO,芬兰,confidence=低,红耳彩龟
红耳彩龟,SPREAD_RISK_TO,苏丹,confidence=低,红耳彩龟
红耳彩龟,SPREAD_RISK_TO,苏里南,confidence=低,红耳彩龟
红耳彩龟,SPREAD_RISK_TO,英国,confidence=低,红耳彩龟
红耳彩龟,SPREAD_RISK_TO,英国南极领地,confidence=低,红耳彩龟
红耳彩龟,SPREAD_RISK_TO,荷兰,confidence=低,红耳彩龟
红耳彩龟,SPREAD_RISK_TO,莫桑比克,confidence=低,红耳彩龟
红耳彩龟,SPREAD_RISK_TO,莱索托,confidence=低,红耳彩龟
红耳彩龟,SPREAD_RISK_TO,菲律宾,confidence=低,红耳彩龟
红耳彩龟,SPREAD_RISK_TO,萨尔瓦多,confidence=低,红耳彩龟
红耳彩龟,SPREAD_RISK_TO,萨摩亚,confidence=低,红耳彩龟
红耳彩龟,SPREAD_RISK_TO,葡萄牙,confidence=低,红耳彩龟
红耳彩龟,SPREAD_RISK_TO,蒙古,confidence=低,红耳彩龟
红耳彩龟,SPREAD_RISK_TO,西印度群岛,confidence=低,红耳彩龟
红耳彩龟,SPREAD_RISK_TO,西撒哈拉,confidence=低,红耳彩龟
红耳彩龟,SPREAD_RISK_TO,西班牙,confidence=低,红耳彩龟
红耳彩龟,SPREAD_RISK_TO,贝宁,confidence=低,红耳彩龟
红耳彩龟,SPREAD_RISK_TO,赞比亚,confidence=低,红耳彩龟
红耳彩龟,SPREAD_RISK_TO,赤道几内亚,confidence=低,红耳彩龟
红耳彩龟,SPREAD_RISK_TO,赫德岛和麦克唐纳群岛,confidence=低,红耳彩龟
红耳彩龟,SPREAD_RISK_TO,越南,confidence=低,红耳彩龟
红耳彩龟,SPREAD_RISK_TO,长江流域,confidence=中,红耳彩龟
红耳彩龟,SPREAD_RISK_TO,阿塞拜疆,confidence=低,红耳彩龟
红耳彩龟,SPREAD_RISK_TO,阿富汗,confidence=低,红耳彩龟
红耳彩龟,SPREAD_RISK_TO,阿尔及利亚,confidence=低,红耳彩龟
红耳彩龟,SPREAD_RISK_TO,阿尔巴尼亚,confidence=低,红耳彩龟
红耳彩龟,SPREAD_RISK_TO,阿拉伯联合酋长国,confidence=低,红耳彩龟
红耳彩龟,SPREAD_RISK_TO,阿曼,confidence=低,红耳彩龟
红耳彩龟,SPREAD_RISK_TO,阿根廷,confidence=低,红耳彩龟
红耳彩龟,SPREAD_RISK_TO,阿根廷南极领地,confidence=低,红耳彩龟
红耳彩龟,SPREAD_RISK_TO,非洲,confidence=低,红耳彩龟
红耳彩龟,SPREAD_RISK_TO,韩国,confidence=低,红耳彩龟
红耳彩龟,SPREAD_RISK_TO,马尔代夫,confidence=低,红耳彩龟
红耳彩龟,SPREAD_RISK_TO,马拉维,confidence=低,红耳彩龟
红耳彩龟,SPREAD_RISK_TO,马来西亚,confidence=低,红耳彩龟
红耳彩龟,SPREAD_RISK_TO,马绍尔群岛,confidence=低,红耳彩龟
红耳彩龟,SPREAD_RISK_TO,马耳他,confidence=低,红耳彩龟
红耳彩龟,SPREAD_RISK_TO,马达加斯加,confidence=低,红耳彩龟
红耳彩龟,SPREAD_RISK_TO,马里,confidence=低,红耳彩龟
红耳彩龟,SPREAD_RISK_TO,黎巴嫩,confidence=低,红耳彩龟
红耳彩龟,SPREAD_RISK_TO,黑山,confidence=低,红耳彩龟
红耳彩龟,THRIVES_IN,养殖废水,,红耳彩龟
红耳彩龟,THRIVES_IN,半咸水流域,,红耳彩龟
红耳彩龟,THRIVES_IN,半陆生环境,,红耳彩龟
红耳彩龟,THRIVES_IN,水域,,红耳彩龟
红耳彩龟,THRIVES_IN,水库,,红耳彩龟
红耳彩龟,THRIVES_IN,水生生态系统,,红耳彩龟
红耳彩龟,THRIVES_IN,池塘,,红耳彩龟
红耳彩龟,THRIVES_IN,河塘,,红耳彩龟
红耳彩龟,THRIVES_IN,河流,,红耳彩龟
红耳彩龟,THRIVES_IN,沼泽,,红耳彩龟
红耳彩龟,THRIVES_IN,淡水环境,,红耳彩龟
红耳彩龟,THRIVES_IN,淡水生境,,红耳彩龟
红耳彩龟,THRIVES_IN,湖泊,,红耳彩龟
红耳彩龟,THRIVES_IN,湿地,,红耳彩龟
红耳彩龟,THRIVES_IN,溪流,,红耳彩龟
红耳彩龟,THRIVES_IN,稻田,,红耳彩龟
红耳彩龟,THRIVES_IN,缓流河流,,红耳彩龟
红耳彩龟,THRIVES_IN,静水生态系统,,红耳彩龟
编制入侵防控指南,MITIGATES,红耳彩龟,method=农业;type=辅助,红耳彩龟
美国防治事件,DURING,1975年,,红耳彩龟
美国防治事件,MITIGATES,红耳彩龟,method=检疫;type=主要,红耳彩龟
设立专门机构监测,MITIGATES,红耳彩龟,method=农业;type=辅助,红耳彩龟
诱捕措施,MITIGATES,红耳彩龟,method=物理;type=主要,红耳彩龟
鲤鱼,COMPETES_WITH,红耳彩龟,severity=中,红耳彩龟
严格检疫,MITIGATES,非洲大蜗牛,method=检疫;type=主要,非洲大蜗牛
中国福州入侵事件,CAUSES,危害500多种作物,type=直接,非洲大蜗牛
中国福州入侵事件,DURING,2014年,,非洲大蜗牛
云南省思茅区入侵事件,CAUSES,传播危害,type=直接,非洲大蜗牛
云南省思茅区入侵事件,DURING,调查年份未明确,",",非洲大蜗牛
云南省文山州入侵事件,CAUSES,农作物减产或绝收,type=直接,非洲大蜗牛
云南省文山州入侵事件,DURING,调查年份未明确,",",非洲大蜗牛
人工捕捉,MITIGATES,非洲大蜗牛,method=物理;type=主要,非洲大蜗牛
人工捕杀,MITIGATES,非洲大蜗牛,method=物理;type=主要,非洲大蜗牛
使用化学引诱剂,MITIGATES,非洲大蜗牛,method=化学;type=辅助,非洲大蜗牛
使用密达,MITIGATES,非洲大蜗牛,method=化学;type=主要,非洲大蜗牛
使用巴丹,MITIGATES,非洲大蜗牛,method=化学;type=主要,非洲大蜗牛
使用拟除虫菊酯类杀虫剂,MITIGATES,非洲大蜗牛,method=化学;type=主要,非洲大蜗牛
使用有机磷,MITIGATES,非洲大蜗牛,method=化学;type=主要,非洲大蜗牛
使用梅塔,MITIGATES,非洲大蜗牛,method=化学;type=主要,非洲大蜗牛
使用溴甲烷熏蒸,MITIGATES,非洲大蜗牛,method=检疫;type=主要,非洲大蜗牛
使用硫酸铜溶液,MITIGATES,非洲大蜗牛,method=化学;type=辅助,非洲大蜗牛
使用贝螺杀,MITIGATES,非洲大蜗牛,method=化学;type=主要,非洲大蜗牛
保护利用蟾蜍青蛙蚂蚁鸟类,MITIGATES,非洲大蜗牛,method=生物;type=主要,非洲大蜗牛
保护和利用蟾蜍,MITIGATES,非洲大蜗牛,method=生物;type=辅助,非洲大蜗牛
保护和利用褐翅鸦鹃,MITIGATES,非洲大蜗牛,method=生物;type=辅助,非洲大蜗牛
保护和利用鸦科鸟类,MITIGATES,非洲大蜗牛,method=生物;type=辅助,非洲大蜗牛
保护和利用黄鹂鸟,MITIGATES,非洲大蜗牛,method=生物;type=辅助,非洲大蜗牛
保护和释放步甲科昆虫,MITIGATES,非洲大蜗牛,method=生物;type=辅助,非洲大蜗牛
保护和释放萤火虫,MITIGATES,非洲大蜗牛,method=生物;type=辅助,非洲大蜗牛
光滑铜板形成机械隔离围墙,MITIGATES,非洲大蜗牛,method=物理;type=辅助,非洲大蜗牛
加强口岸检疫,MITIGATES,非洲大蜗牛,method=检疫;type=主要,非洲大蜗牛
加强调运检疫监管,MITIGATES,非洲大蜗牛,method=检疫;type=主要,非洲大蜗牛
厦门市2025年夏季集中清除行动,DURING,2025年夏季,,非洲大蜗牛
厦门市2025年夏季集中清除行动,MITIGATES,非洲大蜗牛,method=综合;type=主要,非洲大蜗牛
口岸检疫,MITIGATES,非洲大蜗牛,method=检疫;type=主要,非洲大蜗牛
台湾省东沙岛入侵事件,CAUSES,作为养殖食用后传入中国大陆,type=直接,非洲大蜗牛
台湾省东沙岛入侵事件,DURING,1918-1919年,,非洲大蜗牛
喷洒15%四聚乙醛颗粒,MITIGATES,非洲大蜗牛,method=化学;type=主要,非洲大蜗牛
喷洒6%四聚乙醛颗粒,MITIGATES,非洲大蜗牛,method=化学;type=主要,非洲大蜗牛
喷洒70%杀螺胺,MITIGATES,非洲大蜗牛,method=化学;type=主要,非洲大蜗牛
喷洒乐果,MITIGATES,非洲大蜗牛,method=化学;type=主要,非洲大蜗牛
喷洒四聚乙醛,MITIGATES,非洲大蜗牛,method=化学;type=主要,非洲大蜗牛
喷洒杀贝剂,MITIGATES,非洲大蜗牛,method=化学;type=主要,非洲大蜗牛
喷洒氨基甲酸酯,MITIGATES,非洲大蜗牛,method=化学;type=主要,非洲大蜗牛
喷洒氨溶液,MITIGATES,非洲大蜗牛,method=化学;type=主要,非洲大蜗牛
喷洒甲胺磷,MITIGATES,非洲大蜗牛,method=化学;type=主要,非洲大蜗牛
喷洒硫酸铁,MITIGATES,非洲大蜗牛,method=化学;type=主要,非洲大蜗牛
喷洒硫酸铜,MITIGATES,非洲大蜗牛,method=化学;type=主要,非洲大蜗牛
干石灰拌土形成保护带,MITIGATES,非洲大蜗牛,method=物理;type=辅助,非洲大蜗牛
平潭综合实验区2025年夏季集中灭螺行动,DURING,2025年5月-9月,,非洲大蜗牛
平潭综合实验区2025年夏季集中灭螺行动,MITIGATES,非洲大蜗牛,method=综合;type=主要,非洲大蜗牛
平潭综合实验区农业农村局,EVENT,平潭综合实验区整治事件,year=2025,非洲大蜗牛
平潭综合实验区整治事件,CAUSES,遏制扩散,type=直接,非洲大蜗牛
平潭综合实验区整治事件,DURING,2025年,无,非洲大蜗牛
平潭综合实验区整治事件,MITIGATES,非洲大蜗牛,method=物理;type=主要,非洲大蜗牛
广东深圳感染事件,CAUSES,一名1岁女童确诊广州管圆线虫病引发的严重脑炎,type=直接,非洲大蜗牛
广东深圳感染事件,DURING,2026年5月,,非洲大蜗牛
广东省茂名市入侵事件,CAUSES,传播广州管圆线虫,type=直接,非洲大蜗牛
广东省茂名市入侵事件,DURING,调查年份未明确,",",非洲大蜗牛
广西南宁入侵事件,CAUSES,对蔬菜等农作物危害极大,type=直接,非洲大蜗牛
广西南宁入侵事件,DURING,2013年,,非洲大蜗牛
延平区2025年夏季防治工作,DURING,2025年夏季,,非洲大蜗牛
延平区2025年夏季防治工作,MITIGATES,非洲大蜗牛,method=物理;type=主要,非洲大蜗牛
投放嫩菜叶诱集,MITIGATES,非洲大蜗牛,method=物理;type=辅助,非洲大蜗牛
投食诱集,MITIGATES,非洲大蜗牛,method=物理;type=辅助,非洲大蜗牛
撒施生石灰,MITIGATES,非洲大蜗牛,method=化学;type=主要,非洲大蜗牛
撒施食盐,MITIGATES,非洲大蜗牛,method=物理;type=主要,非洲大蜗牛
撒施食盐,MITIGATES,非洲大蜗牛,method=化学;type=辅助,非洲大蜗牛
放养家禽取食,MITIGATES,非洲大蜗牛,method=生物;type=辅助,非洲大蜗牛
检疫防治,MITIGATES,非洲大蜗牛,method=检疫;type=主要,非洲大蜗牛
毒饵诱杀,MITIGATES,非洲大蜗牛,method=化学;type=辅助,非洲大蜗牛
水旱轮作,MITIGATES,非洲大蜗牛,method=农业;type=主要,非洲大蜗牛
泉州市农业农村局,EVENT,泉州市夏季集中灭螺事件,year=2025,非洲大蜗牛
泉州市夏季集中灭螺事件,CAUSES,降低种群密度,type=直接,非洲大蜗牛
泉州市夏季集中灭螺事件,DURING,2025年7月,无,非洲大蜗牛
泉州市夏季集中灭螺事件,MITIGATES,非洲大蜗牛,method=综合;type=主要,非洲大蜗牛
清除杂草垃圾堆乱石堆,MITIGATES,非洲大蜗牛,method=农业;type=主要,非洲大蜗牛
漳平市2025年夏季集中灭螺行动,DURING,2025年5月-9月,,非洲大蜗牛
漳平市2025年夏季集中灭螺行动,MITIGATES,非洲大蜗牛,method=综合;type=主要,非洲大蜗牛
石灰处理后挖坑填埋,MITIGATES,非洲大蜗牛,method=物理;type=主要,非洲大蜗牛
福州市儿童公园消杀事件,CAUSES,防治效果良好,type=直接,非洲大蜗牛
福州市儿童公园消杀事件,DURING,2024年,无,非洲大蜗牛
福州市儿童公园消杀事件,MITIGATES,非洲大蜗牛,method=化学;type=主要,非洲大蜗牛
福州市园林中心,EVENT,福州市儿童公园消杀事件,year=2024,非洲大蜗牛
福建省2025年夏季集中灭螺行动,DURING,2025年5月-9月,,非洲大蜗牛
福建省2025年夏季集中灭螺行动,MITIGATES,非洲大蜗牛,method=综合;type=主要,非洲大蜗牛
福建省农业农村厅,EVENT,福建省夏季集中灭螺行动,year=2025,非洲大蜗牛
福建省夏季集中灭螺行动,CAUSES,降低种群密度,type=直接,非洲大蜗牛
福建省夏季集中灭螺行动,DURING,2025年,无,非洲大蜗牛
福建省夏季集中灭螺行动,MITIGATES,非洲大蜗牛,method=综合;type=主要,非洲大蜗牛
福建省福州市2024年冬季集中清除行动,DURING,2024年冬季,,非洲大蜗牛
福建省福州市2024年冬季集中清除行动,MITIGATES,非洲大蜗牛,method=物理;type=主要,非洲大蜗牛
福建省福州市儿童公园管理处,CONTAINS,福州市儿童公园,无,非洲大蜗牛
福建省防治事件,CAUSES,养殖户将它们抛到野外,type=直接,非洲大蜗牛
福建省防治事件,DURING,20世纪80年代,,非洲大蜗牛
福建省龙海市入侵事件,CAUSES,传播广州管圆线虫,type=直接,非洲大蜗牛
福建省龙海市入侵事件,DURING,调查年份未明确,",",非洲大蜗牛
福鼎市农业农村局,EVENT,福鼎市夏季集中灭螺事件,year=2025,非洲大蜗牛
福鼎市夏季集中灭螺事件,CAUSES,消除危害,type=直接,非洲大蜗牛
福鼎市夏季集中灭螺事件,DURING,2025年5月至9月,无,非洲大蜗牛
福鼎市夏季集中灭螺事件,MITIGATES,非洲大蜗牛,method=综合;type=主要,非洲大蜗牛
种植辛辣刺激性植物隔离,MITIGATES,非洲大蜗牛,method=农业;type=辅助,非洲大蜗牛
美国佛罗里达州入侵事件,CAUSES,每年损失1100万美元,type=直接,非洲大蜗牛
美国佛罗里达州入侵事件,DURING,1969年,,非洲大蜗牛
美国佛罗里达州再次发现事件,AFTER,美国佛罗里达州根除事件,,非洲大蜗牛
美国佛罗里达州再次发现事件,DURING,2022年6月,,非洲大蜗牛
美国佛罗里达州根除事件,CAUSES,宣布根除成功,type=直接,非洲大蜗牛
美国佛罗里达州根除事件,DURING,2011-2021年,,非洲大蜗牛
翠江镇2024年专项整治行动,DURING,2024年,,非洲大蜗牛
翠江镇2024年专项整治行动,MITIGATES,非洲大蜗牛,method=综合;type=主要,非洲大蜗牛
苗木运输检疫,MITIGATES,非洲大蜗牛,method=检疫;type=主要,非洲大蜗牛
苛性碳酸钠拌土形成保护带,MITIGATES,非洲大蜗牛,method=物理;type=辅助,非洲大蜗牛
越冬前整治,MITIGATES,非洲大蜗牛,method=农业;type=主要,非洲大蜗牛
钾盐镁矾拌土形成保护带,MITIGATES,非洲大蜗牛,method=物理;type=辅助,非洲大蜗牛
铲除花圃菜地周围杂草,MITIGATES,非洲大蜗牛,method=农业;type=辅助,非洲大蜗牛
锌板形成机械隔离围墙,MITIGATES,非洲大蜗牛,method=物理;type=辅助,非洲大蜗牛
非洲大蜗牛,AFFECTS,500多种植物,,非洲大蜗牛
非洲大蜗牛,AFFECTS,本土植物,,非洲大蜗牛
非洲大蜗牛,AFFECTS,江西省水稻减产2%-15%,,非洲大蜗牛
非洲大蜗牛,AFFECTS,福建省园艺植物损失15%-30%,,非洲大蜗牛
非洲大蜗牛,AFFECTS,花园花卉,,非洲大蜗牛
非洲大蜗牛,AFFECTS,观赏植物,,非洲大蜗牛
非洲大蜗牛,BELONGS_TO,柄眼目,rank=目,非洲大蜗牛
非洲大蜗牛,BELONGS_TO,玛瑙螺属,rank=属,非洲大蜗牛
非洲大蜗牛,BELONGS_TO,玛瑙螺科,rank=科,非洲大蜗牛
非洲大蜗牛,BELONGS_TO,腹足纲,rank=纲,非洲大蜗牛
非洲大蜗牛,BELONGS_TO,软体动物门,rank=门,非洲大蜗牛
非洲大蜗牛,CAUSES,人类健康威胁,type=间接,非洲大蜗牛
非洲大蜗牛,CAUSES,人类感染广州管圆线虫,type=间接,非洲大蜗牛
非洲大蜗牛,CAUSES,传播嗜酸性脑膜炎,type=间接,非洲大蜗牛
非洲大蜗牛,CAUSES,传播广州管圆线虫,type=直接,非洲大蜗牛
非洲大蜗牛,CAUSES,传播广州管圆线虫病,type=间接,非洲大蜗牛
非洲大蜗牛,CAUSES,传播结核病,type=间接,非洲大蜗牛
非洲大蜗牛,CAUSES,传播脑膜炎,type=间接,非洲大蜗牛
非洲大蜗牛,CAUSES,传播鼠肺线虫,type=间接,非洲大蜗牛
非洲大蜗牛,CAUSES,农业危害,type=直接,非洲大蜗牛
非洲大蜗牛,CAUSES,农作物减产或绝收,type=直接,非洲大蜗牛
非洲大蜗牛,CAUSES,危害农林业生产,type=直接,非洲大蜗牛
非洲大蜗牛,CAUSES,发热,type=间接,非洲大蜗牛
非洲大蜗牛,CAUSES,嗜酸性脑膜炎,type=间接,非洲大蜗牛
非洲大蜗牛,CAUSES,园艺危害,type=直接,非洲大蜗牛
非洲大蜗牛,CAUSES,增加植物疾病的传布,type=间接,非洲大蜗牛
非洲大蜗牛,CAUSES,头痛,type=间接,非洲大蜗牛
非洲大蜗牛,CAUSES,威胁人类健康,type=直接,非洲大蜗牛
非洲大蜗牛,CAUSES,对中国的本土物种生态环境以及社会经济等都产生了较大的影响与危害,type=直接,非洲大蜗牛
非洲大蜗牛,CAUSES,广州管圆线虫感染风险增加,type=间接,非洲大蜗牛
非洲大蜗牛,CAUSES,引发皮炎,type=间接,非洲大蜗牛
非洲大蜗牛,CAUSES,引发皮肤瘙痒肿胀,type=间接,非洲大蜗牛
非洲大蜗牛,CAUSES,引发脑膜炎,type=间接,非洲大蜗牛
非洲大蜗牛,CAUSES,引起严重的经济损失,type=直接,非洲大蜗牛
非洲大蜗牛,CAUSES,改变本土生态系统,type=间接,非洲大蜗牛
非洲大蜗牛,CAUSES,改变栖息地,type=直接,非洲大蜗牛
非洲大蜗牛,CAUSES,改变食物链,type=间接,非洲大蜗牛
非洲大蜗牛,CAUSES,昏迷,type=间接,非洲大蜗牛
非洲大蜗牛,CAUSES,林业危害,type=直接,非洲大蜗牛
非洲大蜗牛,CAUSES,死亡,type=间接,非洲大蜗牛
非洲大蜗牛,CAUSES,生态环境负面影响,type=间接,非洲大蜗牛
非洲大蜗牛,CAUSES,生物多样性破坏,type=直接,非洲大蜗牛
非洲大蜗牛,CAUSES,皮炎,type=间接,非洲大蜗牛
非洲大蜗牛,CAUSES,皮肤瘙痒,type=间接,非洲大蜗牛
非洲大蜗牛,CAUSES,皮肤肿胀,type=间接,非洲大蜗牛
非洲大蜗牛,CAUSES,破坏生物多样性,type=直接,非洲大蜗牛
非洲大蜗牛,CAUSES,结核病传播,type=间接,非洲大蜗牛
非洲大蜗牛,CAUSES,脑炎,type=间接,非洲大蜗牛
非洲大蜗牛,CAUSES,视力障碍,type=间接,非洲大蜗牛
非洲大蜗牛,COMPETES_WITH,原生蜗牛,severity=高,非洲大蜗牛
非洲大蜗牛,COMPETES_WITH,本土物种,severity=高,非洲大蜗牛
非洲大蜗牛,COMPETES_WITH,本土蜗牛,severity=中,非洲大蜗牛
非洲大蜗牛,COMPETES_WITH,本土软体动物,severity=中,非洲大蜗牛
非洲大蜗牛,HAS_ALIAS,Achatina fulica,type=学名,非洲大蜗牛
非洲大蜗牛,HAS_ALIAS,Helix fulica,type=学名,非洲大蜗牛
非洲大蜗牛,HAS_ALIAS,Lissachatina fulica,type=学名,非洲大蜗牛
非洲大蜗牛,HAS_ALIAS,东风螺,type=俗名,非洲大蜗牛
非洲大蜗牛,HAS_ALIAS,法国螺,type=俗名,非洲大蜗牛
非洲大蜗牛,HAS_ALIAS,田园杀手,type=俗名,非洲大蜗牛
非洲大蜗牛,HAS_ALIAS,白玉蜗牛,type=俗名,非洲大蜗牛
非洲大蜗牛,HAS_ALIAS,花螺,type=俗名,非洲大蜗牛
非洲大蜗牛,HAS_ALIAS,菜螺,type=俗名,非洲大蜗牛
非洲大蜗牛,HAS_ALIAS,褐云光滑玛瑙螺,type=俗名,非洲大蜗牛
非洲大蜗牛,HAS_ALIAS,褐云玛瑙螺,type=俗名,非洲大蜗牛
非洲大蜗牛,HAS_ALIAS,褐云玛瑙螺,type=学名,非洲大蜗牛
非洲大蜗牛,HAS_ALIAS,褐色玛瑙螺,type=俗名,非洲大蜗牛
非洲大蜗牛,HAS_ALIAS,露螺,type=俗名,非洲大蜗牛
非洲大蜗牛,HAS_ALIAS,非洲巨型福寿螺,type=俗名,非洲大蜗牛
非洲大蜗牛,HAS_ALIAS,非洲巨型蜗牛,type=俗名,非洲大蜗牛
非洲大蜗牛,HAS_ALIAS,非洲巨蜗牛,type=俗名,非洲大蜗牛
非洲大蜗牛,HAS_ALIAS,非洲巨螺,type=俗名,非洲大蜗牛
非洲大蜗牛,HAS_ALIAS,非洲蜗牛,type=俗名,非洲大蜗牛
非洲大蜗牛,HAS_HABIT,一生可产卵6000多粒,无,非洲大蜗牛
非洲大蜗牛,HAS_HABIT,喜群居,无,非洲大蜗牛
非洲大蜗牛,HAS_HABIT,喜阴湿环境,,非洲大蜗牛
非洲大蜗牛,HAS_HABIT,寿命5至6年,无,非洲大蜗牛
非洲大蜗牛,HAS_HABIT,抗逆性强,",",非洲大蜗牛
非洲大蜗牛,HAS_HABIT,昼伏夜出,,非洲大蜗牛
非洲大蜗牛,HAS_HABIT,昼伏夜出,无,非洲大蜗牛
非洲大蜗牛,HAS_HABIT,杂食性,",",非洲大蜗牛
非洲大蜗牛,HAS_HABIT,每年产卵4次,无,非洲大蜗牛
非洲大蜗牛,HAS_HABIT,畏光怕热,,非洲大蜗牛
非洲大蜗牛,HAS_HABIT,繁殖能力强,无,非洲大蜗牛
非洲大蜗牛,HAS_HABIT,繁殖迅速,",",非洲大蜗牛
非洲大蜗牛,HAS_HABIT,群居性,,非洲大蜗牛
非洲大蜗牛,HAS_HABIT,雌雄同体,,非洲大蜗牛
非洲大蜗牛,HAS_HABIT,雌雄同体异体交配,无,非洲大蜗牛
非洲大蜗牛,HAS_HABIT,食量大,",",非洲大蜗牛
非洲大蜗牛,HAS_HABIT,高效利用纤维素,",",非洲大蜗牛
非洲大蜗牛,HAS_MORPHOLOGY,卵椭圆形乳白或淡青色,无,非洲大蜗牛
非洲大蜗牛,HAS_MORPHOLOGY,壳面为黄色或深黄底色带有焦褐色雾状花纹,,非洲大蜗牛
非洲大蜗牛,HAS_MORPHOLOGY,外壳红棕色有淡黄色垂直斑点,无,非洲大蜗牛
非洲大蜗牛,HAS_MORPHOLOGY,外壳较厚有光泽成体壳长5至10厘米最大可超过20厘米,无,非洲大蜗牛
非洲大蜗牛,HAS_MORPHOLOGY,螺壳圆锥状有7至9个螺层,无,非洲大蜗牛
非洲大蜗牛,HAS_MORPHOLOGY,贝壳大型壳质稍厚有光泽呈长卵圆形壳高达130毫米宽54毫米有6.5至8个螺层,",",非洲大蜗牛
非洲大蜗牛,HAS_MORPHOLOGY,贝壳大型通常体长7-8厘米最大20厘米体重可达800克,,非洲大蜗牛
非洲大蜗牛,HAS_MORPHOLOGY,贝壳狭窄锥形壳质稍厚有光泽呈长卵圆形,,非洲大蜗牛
非洲大蜗牛,HAS_MORPHOLOGY,足部肌肉发达背面呈暗棕黑色遮面呈灰黄色其黏液无色,,非洲大蜗牛
非洲大蜗牛,INTRODUCED_VIA,人为引种,",",非洲大蜗牛
非洲大蜗牛,INTRODUCED_VIA,人为的携带,,非洲大蜗牛
非洲大蜗牛,INTRODUCED_VIA,人类活动,,非洲大蜗牛
非洲大蜗牛,INTRODUCED_VIA,人类活动货物的流通,,非洲大蜗牛
非洲大蜗牛,INTRODUCED_VIA,作为食物引进,无,非洲大蜗牛
非洲大蜗牛,INTRODUCED_VIA,作为食物资源,,非洲大蜗牛
非洲大蜗牛,INTRODUCED_VIA,商业目的,,非洲大蜗牛
非洲大蜗牛,INTRODUCED_VIA,宠物贸易,,非洲大蜗牛
非洲大蜗牛,INTRODUCED_VIA,引种养殖,无,非洲大蜗牛
非洲大蜗牛,INTRODUCED_VIA,意外引入,,非洲大蜗牛
非洲大蜗牛,INTRODUCED_VIA,植物携带卵或幼螺,,非洲大蜗牛
非洲大蜗牛,INTRODUCED_VIA,蜗牛养殖,,非洲大蜗牛
非洲大蜗牛,INTRODUCED_VIA,被作为观赏品和食物直接引入,,非洲大蜗牛
非洲大蜗牛,INTRODUCED_VIA,货物携带,,非洲大蜗牛
非洲大蜗牛,INTRODUCED_VIA,跨区域调运农作物和林草种子苗木,无,非洲大蜗牛
非洲大蜗牛,INTRODUCED_VIA,通过轮船火车汽车飞机等运输工具随观赏植物苗木板材集装箱货物包装箱传播,,非洲大蜗牛
非洲大蜗牛,INTRODUCED_VIA,随观赏植物夹带,",",非洲大蜗牛
非洲大蜗牛,INTRODUCED_VIA,非法引进携带寄递走私,无,非洲大蜗牛
非洲大蜗牛,MITIGATES,人工捕捉,method=物理;type=主要,非洲大蜗牛
非洲大蜗牛,MITIGATES,农业防治,method=农业;type=主要,非洲大蜗牛
非洲大蜗牛,MITIGATES,化学防治,method=化学;type=主要,非洲大蜗牛
非洲大蜗牛,MITIGATES,检疫防治,method=检疫;type=主要,非洲大蜗牛
非洲大蜗牛,MITIGATES,生物防治,method=生物;type=主要,非洲大蜗牛
非洲大蜗牛,MITIGATES,诱捕防治,method=物理;type=辅助,非洲大蜗牛
非洲大蜗牛,NATIVE_TO,东非,,非洲大蜗牛
非洲大蜗牛,NATIVE_TO,东非,",",非洲大蜗牛
非洲大蜗牛,NATIVE_TO,东非沿岸桑给巴尔奔巴岛一带,,非洲大蜗牛
非洲大蜗牛,NATIVE_TO,坦桑尼亚,",",非洲大蜗牛
非洲大蜗牛,NATIVE_TO,坦桑尼亚,,非洲大蜗牛
非洲大蜗牛,NATIVE_TO,坦桑尼亚桑给巴尔,无,非洲大蜗牛
非洲大蜗牛,NATIVE_TO,奔巴,",",非洲大蜗牛
非洲大蜗牛,NATIVE_TO,奔巴岛,,非洲大蜗牛
非洲大蜗牛,NATIVE_TO,奔巴岛,无,非洲大蜗牛
非洲大蜗牛,NATIVE_TO,桑给巴尔,",",非洲大蜗牛
非洲大蜗牛,NATIVE_TO,桑给巴尔,,非洲大蜗牛
非洲大蜗牛,NATIVE_TO,非洲东部,,非洲大蜗牛
非洲大蜗牛,NATIVE_TO,马达加斯加岛,,非洲大蜗牛
非洲大蜗牛,NATIVE_TO,马达加斯加岛,无,非洲大蜗牛
非洲大蜗牛,PREYS_ON,仙人掌,severity=高,非洲大蜗牛
非洲大蜗牛,PREYS_ON,农作物,severity=高,非洲大蜗牛
非洲大蜗牛,PREYS_ON,动植物残体,severity=低,非洲大蜗牛
非洲大蜗牛,PREYS_ON,十字花科植物,severity=高,非洲大蜗牛
非洲大蜗牛,PREYS_ON,可可,severity=高,非洲大蜗牛
非洲大蜗牛,PREYS_ON,叶菜,severity=高,非洲大蜗牛
非洲大蜗牛,PREYS_ON,同伴尸体,severity=低,非洲大蜗牛
非洲大蜗牛,PREYS_ON,园林绿化植物,severity=高,非洲大蜗牛
非洲大蜗牛,PREYS_ON,园艺植物,severity=高,非洲大蜗牛
非洲大蜗牛,PREYS_ON,园艺观赏植物,severity=高,非洲大蜗牛
非洲大蜗牛,PREYS_ON,地衣,severity=低,非洲大蜗牛
非洲大蜗牛,PREYS_ON,木瓜,severity=高,非洲大蜗牛
非洲大蜗牛,PREYS_ON,木薯,severity=高,非洲大蜗牛
非洲大蜗牛,PREYS_ON,木霜,severity=高,非洲大蜗牛
非洲大蜗牛,PREYS_ON,林木,severity=高,非洲大蜗牛
非洲大蜗牛,PREYS_ON,果树,severity=高,非洲大蜗牛
非洲大蜗牛,PREYS_ON,柑桔,severity=高,非洲大蜗牛
非洲大蜗牛,PREYS_ON,柚木幼株,severity=高,非洲大蜗牛
非洲大蜗牛,PREYS_ON,树木,severity=高,非洲大蜗牛
非洲大蜗牛,PREYS_ON,椰子,severity=高,非洲大蜗牛
非洲大蜗牛,PREYS_ON,橡胶,severity=高,非洲大蜗牛
非洲大蜗牛,PREYS_ON,水泥,severity=低,非洲大蜗牛
非洲大蜗牛,PREYS_ON,水稻,severity=高,非洲大蜗牛
非洲大蜗牛,PREYS_ON,瓜果,severity=高,非洲大蜗牛
非洲大蜗牛,PREYS_ON,瓜果蔬菜,severity=高,非洲大蜗牛
非洲大蜗牛,PREYS_ON,番薯,severity=高,非洲大蜗牛
非洲大蜗牛,PREYS_ON,真菌,severity=低,非洲大蜗牛
非洲大蜗牛,PREYS_ON,竹芋,severity=高,非洲大蜗牛
非洲大蜗牛,PREYS_ON,粟,severity=高,非洲大蜗牛
非洲大蜗牛,PREYS_ON,粮食作物,severity=高,非洲大蜗牛
非洲大蜗牛,PREYS_ON,纸张,severity=低,非洲大蜗牛
非洲大蜗牛,PREYS_ON,经济作物,severity=高,非洲大蜗牛
非洲大蜗牛,PREYS_ON,花卉,severity=高,非洲大蜗牛
非洲大蜗牛,PREYS_ON,花生,severity=高,非洲大蜗牛
非洲大蜗牛,PREYS_ON,茄瓜,severity=高,非洲大蜗牛
非洲大蜗牛,PREYS_ON,茶,severity=高,非洲大蜗牛
非洲大蜗牛,PREYS_ON,菜豆,severity=高,非洲大蜗牛
非洲大蜗牛,PREYS_ON,菠萝,severity=高,非洲大蜗牛
非洲大蜗牛,PREYS_ON,落地生根,severity=高,非洲大蜗牛
非洲大蜗牛,PREYS_ON,葫芦科植物,severity=高,非洲大蜗牛
非洲大蜗牛,PREYS_ON,蔬菜,severity=高,非洲大蜗牛
非洲大蜗牛,PREYS_ON,薯类,severity=高,非洲大蜗牛
非洲大蜗牛,PREYS_ON,藻类,severity=低,非洲大蜗牛
非洲大蜗牛,PREYS_ON,谷类植物,severity=高,非洲大蜗牛
非洲大蜗牛,PREYS_ON,豆科植物,severity=高,非洲大蜗牛
非洲大蜗牛,PREYS_ON,野草,severity=高,非洲大蜗牛
非洲大蜗牛,PREYS_ON,铁角蕨,severity=高,非洲大蜗牛
非洲大蜗牛,PREYS_ON,面包果,severity=高,非洲大蜗牛
非洲大蜗牛,PREYS_ON,香蕉,severity=高,非洲大蜗牛
非洲大蜗牛,PREYS_ON,高粱,severity=高,非洲大蜗牛
非洲大蜗牛,PREYS_ON,鲜花,severity=高,非洲大蜗牛
非洲大蜗牛,SPREAD_RISK_TO,东亚,confidence=高,非洲大蜗牛
非洲大蜗牛,SPREAD_RISK_TO,东南亚,confidence=高,非洲大蜗牛
非洲大蜗牛,SPREAD_RISK_TO,中国南方多个省份,confidence=高,非洲大蜗牛
非洲大蜗牛,SPREAD_RISK_TO,云南省,confidence=中,非洲大蜗牛
非洲大蜗牛,SPREAD_RISK_TO,亚洲,confidence=高,非洲大蜗牛
非洲大蜗牛,SPREAD_RISK_TO,全球60多个国家,confidence=高,非洲大蜗牛
非洲大蜗牛,SPREAD_RISK_TO,北美洲,confidence=高,非洲大蜗牛
非洲大蜗牛,SPREAD_RISK_TO,华南地区,confidence=高,非洲大蜗牛
非洲大蜗牛,SPREAD_RISK_TO,南美洲,confidence=高,非洲大蜗牛
非洲大蜗牛,SPREAD_RISK_TO,台湾省,confidence=高,非洲大蜗牛
非洲大蜗牛,SPREAD_RISK_TO,周边水域,confidence=中,非洲大蜗牛
非洲大蜗牛,SPREAD_RISK_TO,四川省,confidence=中,非洲大蜗牛
非洲大蜗牛,SPREAD_RISK_TO,巴西,confidence=中,非洲大蜗牛
非洲大蜗牛,SPREAD_RISK_TO,广东省,confidence=高,非洲大蜗牛
非洲大蜗牛,SPREAD_RISK_TO,广西壮族自治区,confidence=高,非洲大蜗牛
非洲大蜗牛,SPREAD_RISK_TO,斯里兰卡,confidence=高,非洲大蜗牛
非洲大蜗牛,SPREAD_RISK_TO,海南省,confidence=高,非洲大蜗牛
非洲大蜗牛,SPREAD_RISK_TO,湖北省,confidence=中,非洲大蜗牛
非洲大蜗牛,SPREAD_RISK_TO,湖南省,confidence=中,非洲大蜗牛
非洲大蜗牛,SPREAD_RISK_TO,澳门特别行政区,confidence=高,非洲大蜗牛
非洲大蜗牛,SPREAD_RISK_TO,福建省,confidence=高,非洲大蜗牛
非洲大蜗牛,SPREAD_RISK_TO,贵州省,confidence=中,非洲大蜗牛
非洲大蜗牛,SPREAD_RISK_TO,长江中下游地区,confidence=中,非洲大蜗牛
非洲大蜗牛,SPREAD_RISK_TO,非洲,confidence=高,非洲大蜗牛
非洲大蜗牛,SPREAD_RISK_TO,香港特别行政区,confidence=高,非洲大蜗牛
非洲大蜗牛,SPREAD_RISK_TO,马达加斯加岛,confidence=高,非洲大蜗牛
非洲大蜗牛,THRIVES_IN,乱石堆,,非洲大蜗牛
非洲大蜗牛,THRIVES_IN,乱石堆,无,非洲大蜗牛
非洲大蜗牛,THRIVES_IN,人类住宅,,非洲大蜗牛
非洲大蜗牛,THRIVES_IN,低热河谷区,,非洲大蜗牛
非洲大蜗牛,THRIVES_IN,住宅小区,,非洲大蜗牛
非洲大蜗牛,THRIVES_IN,住宅小区,无,非洲大蜗牛
非洲大蜗牛,THRIVES_IN,公园,,非洲大蜗牛
非洲大蜗牛,THRIVES_IN,公园绿地,,非洲大蜗牛
非洲大蜗牛,THRIVES_IN,公园绿地,无,非洲大蜗牛
非洲大蜗牛,THRIVES_IN,公园花圃,",",非洲大蜗牛
非洲大蜗牛,THRIVES_IN,农田,,非洲大蜗牛
非洲大蜗牛,THRIVES_IN,农田,无,非洲大蜗牛
非洲大蜗牛,THRIVES_IN,口岸,无,非洲大蜗牛
非洲大蜗牛,THRIVES_IN,土壤表层,无,非洲大蜗牛
非洲大蜗牛,THRIVES_IN,垃圾堆,,非洲大蜗牛
非洲大蜗牛,THRIVES_IN,学校,无,非洲大蜗牛
非洲大蜗牛,THRIVES_IN,房屋墙角,,非洲大蜗牛
非洲大蜗牛,THRIVES_IN,房屋墙角,无,非洲大蜗牛
非洲大蜗牛,THRIVES_IN,杂草丛生树木葱郁农作物繁茂阴暗潮湿的环境,,非洲大蜗牛
非洲大蜗牛,THRIVES_IN,林地,,非洲大蜗牛
非洲大蜗牛,THRIVES_IN,林地,无,非洲大蜗牛
非洲大蜗牛,THRIVES_IN,果园,,非洲大蜗牛
非洲大蜗牛,THRIVES_IN,果园,无,非洲大蜗牛
非洲大蜗牛,THRIVES_IN,枯草堆,,非洲大蜗牛
非洲大蜗牛,THRIVES_IN,枯草堆,无,非洲大蜗牛
非洲大蜗牛,THRIVES_IN,树枝落叶和石块下,,非洲大蜗牛
非洲大蜗牛,THRIVES_IN,森林,,非洲大蜗牛
非洲大蜗牛,THRIVES_IN,森林,无,非洲大蜗牛
非洲大蜗牛,THRIVES_IN,橡胶园,,非洲大蜗牛
非洲大蜗牛,THRIVES_IN,民宅院内外的垃圾或杂物堆放,",",非洲大蜗牛
非洲大蜗牛,THRIVES_IN,水库,,非洲大蜗牛
非洲大蜗牛,THRIVES_IN,水库,",",非洲大蜗牛
非洲大蜗牛,THRIVES_IN,沟渠,,非洲大蜗牛
非洲大蜗牛,THRIVES_IN,沟渠边,,非洲大蜗牛
非洲大蜗牛,THRIVES_IN,河流,,非洲大蜗牛
非洲大蜗牛,THRIVES_IN,河流,",",非洲大蜗牛
非洲大蜗牛,THRIVES_IN,洞穴中,,非洲大蜗牛
非洲大蜗牛,THRIVES_IN,湿地,,非洲大蜗牛
非洲大蜗牛,THRIVES_IN,湿地,无,非洲大蜗牛
非洲大蜗牛,THRIVES_IN,潮湿墙壁,无,非洲大蜗牛
非洲大蜗牛,THRIVES_IN,灌木丛,,非洲大蜗牛
非洲大蜗牛,THRIVES_IN,稻田,,非洲大蜗牛
非洲大蜗牛,THRIVES_IN,稻田,",",非洲大蜗牛
非洲大蜗牛,THRIVES_IN,腐殖质多的土壤表层,,非洲大蜗牛
非洲大蜗牛,THRIVES_IN,腐殖质的土壤里,,非洲大蜗牛
非洲大蜗牛,THRIVES_IN,花园,,非洲大蜗牛
非洲大蜗牛,THRIVES_IN,草丛,,非洲大蜗牛
非洲大蜗牛,THRIVES_IN,草丛,无,非洲大蜗牛
非洲大蜗牛,THRIVES_IN,草地,,非洲大蜗牛
非洲大蜗牛,THRIVES_IN,草木树根下,无,非洲大蜗牛
非洲大蜗牛,THRIVES_IN,菜园,,非洲大蜗牛
非洲大蜗牛,THRIVES_IN,菜园,无,非洲大蜗牛
非洲大蜗牛,THRIVES_IN,菜地,,非洲大蜗牛
非洲大蜗牛,THRIVES_IN,菜地或路边草丛,",",非洲大蜗牛
非洲大蜗牛,THRIVES_IN,落叶腐烂处,无,非洲大蜗牛
非洲大蜗牛,THRIVES_IN,路边,,非洲大蜗牛
非洲大蜗牛,THRIVES_IN,阴凉潮湿处,无,非洲大蜗牛
非洲大蜗牛,THRIVES_IN,阴沟,无,非洲大蜗牛
非洲大蜗牛,THRIVES_IN,香蕉田,,非洲大蜗牛
非洲大蜗牛,THRIVES_IN,马卡博田,,非洲大蜗牛
食物诱杀,MITIGATES,非洲大蜗牛,method=物理;type=辅助,非洲大蜗牛
饲养鸡鸭鹅,MITIGATES,非洲大蜗牛,method=生物;type=主要,非洲大蜗牛
龙岩市2025年夏季集中灭螺行动,DURING,2025年5月-9月,,非洲大蜗牛
龙岩市2025年夏季集中灭螺行动,MITIGATES,非洲大蜗牛,method=综合;type=主要,非洲大蜗牛
河南省汝州市城市中央公园抽干湖水围捕事件,CAUSES,鳄雀鳝被捕获,type=直接,鳄雀鳝
河南省汝州市城市中央公园抽干湖水围捕事件,DURING,2022年8月,,鳄雀鳝
鳄雀鳝,AFFECTS,养殖水域,,鳄雀鳝
鳄雀鳝,AFFECTS,本土种,,鳄雀鳝
鳄雀鳝,AFFECTS,水生态系统,,鳄雀鳝
鳄雀鳝,AFFECTS,游客安全,,鳄雀鳝
鳄雀鳝,AFFECTS,生物多样性,,鳄雀鳝
鳄雀鳝,AFFECTS,自然水域,,鳄雀鳝
鳄雀鳝,BELONGS_TO,大雀鳝属,rank=属,鳄雀鳝
鳄雀鳝,BELONGS_TO,雀鳝属,rank=属,鳄雀鳝
鳄雀鳝,BELONGS_TO,雀鳝目,rank=目,鳄雀鳝
鳄雀鳝,BELONGS_TO,雀鳝科,rank=科,鳄雀鳝
鳄雀鳝,CAUSES,人类中毒,type=间接,鳄雀鳝
鳄雀鳝,CAUSES,人类受伤事件,type=直接,鳄雀鳝
鳄雀鳝,CAUSES,人类恐慌,type=间接,鳄雀鳝
鳄雀鳝,CAUSES,人类物理伤害,type=直接,鳄雀鳝
鳄雀鳝,CAUSES,养殖场经济损失,type=直接,鳄雀鳝
鳄雀鳝,CAUSES,影响水生态系统稳定,type=直接,鳄雀鳝
鳄雀鳝,CAUSES,影响渔业生产,type=直接,鳄雀鳝
鳄雀鳝,CAUSES,影响生物多样性,type=直接,鳄雀鳝
鳄雀鳝,CAUSES,影响粮食安全,type=直接,鳄雀鳝
鳄雀鳝,CAUSES,攻击人,type=直接,鳄雀鳝
鳄雀鳝,CAUSES,本土鱼类减少,type=直接,鳄雀鳝
鳄雀鳝,CAUSES,水域内鱼虾消失,type=直接,鳄雀鳝
鳄雀鳝,CAUSES,渔业损失,type=直接,鳄雀鳝
鳄雀鳝,CAUSES,渔业经济损失,type=直接,鳄雀鳝
鳄雀鳝,CAUSES,生态破坏,type=直接,鳄雀鳝
鳄雀鳝,CAUSES,生态系统失衡,type=间接,鳄雀鳝
鳄雀鳝,CAUSES,生态系统食物链影响,type=直接,鳄雀鳝
鳄雀鳝,CAUSES,生物多样性丧失,type=直接,鳄雀鳝
鳄雀鳝,CAUSES,鳄雀鳝卵中毒事件,type=直接,鳄雀鳝
鳄雀鳝,COMPETES_WITH,本土水生生物,severity=高,鳄雀鳝
鳄雀鳝,COMPETES_WITH,本土鱼类,severity=高,鳄雀鳝
鳄雀鳝,HAS_ALIAS,Alligator gar,type=学名,鳄雀鳝
鳄雀鳝,HAS_ALIAS,Atractosteus spatula,type=学名,鳄雀鳝
鳄雀鳝,HAS_ALIAS,大雀鳝,type=俗名,鳄雀鳝
鳄雀鳝,HAS_ALIAS,幽灵火箭,type=俗名,鳄雀鳝
鳄雀鳝,HAS_ALIAS,福鳄,type=俗名,鳄雀鳝
鳄雀鳝,HAS_ALIAS,纺锤骨雀鳝,type=俗名,鳄雀鳝
鳄雀鳝,HAS_ALIAS,锤骨雀鳝,type=俗名,鳄雀鳝
鳄雀鳝,HAS_ALIAS,鳄鱼火箭,type=俗名,鳄雀鳝
鳄雀鳝,HAS_HABIT,一次产卵15万-28万颗,,鳄雀鳝
鳄雀鳝,HAS_HABIT,伏击捕食,,鳄雀鳝
鳄雀鳝,HAS_HABIT,凶猛的捕食者,,鳄雀鳝
鳄雀鳝,HAS_HABIT,凶猛的肉食性鱼类,,鳄雀鳝
鳄雀鳝,HAS_HABIT,单独生活,,鳄雀鳝
鳄雀鳝,HAS_HABIT,夜间活动,,鳄雀鳝
鳄雀鳝,HAS_HABIT,大型肉食性凶猛鱼类,,鳄雀鳝
鳄雀鳝,HAS_HABIT,寿命可达26-50年以上,,鳄雀鳝
鳄雀鳝,HAS_HABIT,有领地意识,,鳄雀鳝
鳄雀鳝,HAS_HABIT,机会主义掠食者,,鳄雀鳝
鳄雀鳝,HAS_HABIT,每年5-8月产卵,,鳄雀鳝
鳄雀鳝,HAS_HABIT,独居,,鳄雀鳝
鳄雀鳝,HAS_HABIT,生性凶猛,,鳄雀鳝
鳄雀鳝,HAS_HABIT,离开水能存活一段时间,,鳄雀鳝
鳄雀鳝,HAS_HABIT,繁殖能力强,,鳄雀鳝
鳄雀鳝,HAS_HABIT,缺乏天敌,,鳄雀鳝
鳄雀鳝,HAS_HABIT,肉食性鱼类,,鳄雀鳝
鳄雀鳝,HAS_HABIT,能吞咽空气辅助呼吸,,鳄雀鳝
鳄雀鳝,HAS_HABIT,能用鱼鳔辅助呼吸,,鳄雀鳝
鳄雀鳝,HAS_HABIT,雄性6岁性成熟,,鳄雀鳝
鳄雀鳝,HAS_HABIT,雌性11岁性成熟,,鳄雀鳝
鳄雀鳝,HAS_HABIT,领地意识强,,鳄雀鳝
鳄雀鳝,HAS_MORPHOLOGY,上下颌有尖锐牙齿,,鳄雀鳝
鳄雀鳝,HAS_MORPHOLOGY,上下颚密布锋利牙齿,,鳄雀鳝
鳄雀鳝,HAS_MORPHOLOGY,体重137-159千克,,鳄雀鳝
鳄雀鳝,HAS_MORPHOLOGY,体重可达200多斤,,鳄雀鳝
鳄雀鳝,HAS_MORPHOLOGY,体长2-3米,,鳄雀鳝
鳄雀鳝,HAS_MORPHOLOGY,体长可达3米,,鳄雀鳝
鳄雀鳝,HAS_MORPHOLOGY,匕首般锋利的牙齿,,鳄雀鳝
鳄雀鳝,HAS_MORPHOLOGY,口尖似鳄鱼,,鳄雀鳝
鳄雀鳝,HAS_MORPHOLOGY,吻长口尖似鳄鱼,,鳄雀鳝
鳄雀鳝,HAS_MORPHOLOGY,外观形似鳄鱼,,鳄雀鳝
鳄雀鳝,HAS_MORPHOLOGY,密布锋利的牙齿,,鳄雀鳝
鳄雀鳝,HAS_MORPHOLOGY,尾部为圆尾,,鳄雀鳝
鳄雀鳝,HAS_MORPHOLOGY,尾鳍异尾型,,鳄雀鳝
鳄雀鳝,HAS_MORPHOLOGY,异常坚硬的鳞片,,鳄雀鳝
鳄雀鳝,HAS_MORPHOLOGY,短吻,,鳄雀鳝
鳄雀鳝,HAS_MORPHOLOGY,背部灰绿色或灰褐色,,鳄雀鳝
鳄雀鳝,HAS_MORPHOLOGY,腹部淡黄色或白色,,鳄雀鳝
鳄雀鳝,HAS_MORPHOLOGY,菱形硬鳞,,鳄雀鳝
鳄雀鳝,HAS_MORPHOLOGY,身体覆盖菱形硬鳞,,鳄雀鳝
鳄雀鳝,INTRODUCED_VIA,人为丢弃,,鳄雀鳝
鳄雀鳝,INTRODUCED_VIA,人为弃养,,鳄雀鳝
鳄雀鳝,INTRODUCED_VIA,人为引进,,鳄雀鳝
鳄雀鳝,INTRODUCED_VIA,人为放生,,鳄雀鳝
鳄雀鳝,INTRODUCED_VIA,弃养宠物,,鳄雀鳝
鳄雀鳝,INTRODUCED_VIA,放生,,鳄雀鳝
鳄雀鳝,INTRODUCED_VIA,电商平台售卖,,鳄雀鳝
鳄雀鳝,INTRODUCED_VIA,自然入侵,,鳄雀鳝
鳄雀鳝,INTRODUCED_VIA,观赏水族贸易,,鳄雀鳝
鳄雀鳝,INTRODUCED_VIA,观赏鱼贸易,,鳄雀鳝
鳄雀鳝,INTRODUCED_VIA,走私,,鳄雀鳝
鳄雀鳝,MITIGATES,上报农业农村局,method=检疫;type=辅助,鳄雀鳝
鳄雀鳝,MITIGATES,专业团队捕捞,method=物理;type=主要,鳄雀鳝
鳄雀鳝,MITIGATES,人工捕捉,method=物理;type=主要,鳄雀鳝
鳄雀鳝,MITIGATES,全国普查,method=检疫;type=辅助,鳄雀鳝
鳄雀鳝,MITIGATES,列入外来入侵物种名单,method=检疫;type=主要,鳄雀鳝
鳄雀鳝,MITIGATES,发现一条坚决抓除一条,method=物理;type=主要,鳄雀鳝
鳄雀鳝,MITIGATES,围网捕捞,method=物理;type=主要,鳄雀鳝
鳄雀鳝,MITIGATES,宣传教育,method=检疫;type=辅助,鳄雀鳝
鳄雀鳝,MITIGATES,抽干湖水,method=物理;type=主要,鳄雀鳝
鳄雀鳝,MITIGATES,无害化处理,method=物理;type=主要,鳄雀鳝
鳄雀鳝,MITIGATES,深埋处理,method=物理;type=主要,鳄雀鳝
鳄雀鳝,MITIGATES,渔政天眼系统,method=检疫;type=辅助,鳄雀鳝
鳄雀鳝,MITIGATES,灭杀,method=物理;type=主要,鳄雀鳝
鳄雀鳝,MITIGATES,禁止放生,method=检疫;type=主要,鳄雀鳝
鳄雀鳝,MITIGATES,移交相关科研院校,method=检疫;type=辅助,鳄雀鳝
鳄雀鳝,MITIGATES,移交野生动物救护中心,method=检疫;type=辅助,鳄雀鳝
鳄雀鳝,MITIGATES,立法监管,method=检疫;type=主要,鳄雀鳝
鳄雀鳝,MITIGATES,管控引种和贸易,method=检疫;type=主要,鳄雀鳝
鳄雀鳝,MITIGATES,路亚钓,method=物理;type=主要,鳄雀鳝
鳄雀鳝,MITIGATES,限制引种和贸易,method=检疫;type=主要,鳄雀鳝
鳄雀鳝,NATIVE_TO,伊利诺伊州,,鳄雀鳝
鳄雀鳝,NATIVE_TO,佛罗里达州,,鳄雀鳝
鳄雀鳝,NATIVE_TO,俄亥俄河,,鳄雀鳝
鳄雀鳝,NATIVE_TO,俄克拉荷马州,,鳄雀鳝
鳄雀鳝,NATIVE_TO,北美洲,,鳄雀鳝
鳄雀鳝,NATIVE_TO,北美洲密西西比河流域,,鳄雀鳝
鳄雀鳝,NATIVE_TO,墨西哥,,鳄雀鳝
鳄雀鳝,NATIVE_TO,墨西哥,type=国家,鳄雀鳝
鳄雀鳝,NATIVE_TO,墨西哥湾沿岸平原,,鳄雀鳝
鳄雀鳝,NATIVE_TO,密苏里州,,鳄雀鳝
鳄雀鳝,NATIVE_TO,密苏里河,,鳄雀鳝
鳄雀鳝,NATIVE_TO,密西西比州,,鳄雀鳝
鳄雀鳝,NATIVE_TO,密西西比河流域,,鳄雀鳝
鳄雀鳝,NATIVE_TO,尼加拉瓜,,鳄雀鳝
鳄雀鳝,NATIVE_TO,德克萨斯州,,鳄雀鳝
鳄雀鳝,NATIVE_TO,田纳西州,,鳄雀鳝
鳄雀鳝,NATIVE_TO,美国,type=国家,鳄雀鳝
鳄雀鳝,NATIVE_TO,美国佛罗里达州,,鳄雀鳝
鳄雀鳝,NATIVE_TO,美洲,,鳄雀鳝
鳄雀鳝,NATIVE_TO,肯塔基州,,鳄雀鳝
鳄雀鳝,NATIVE_TO,路易斯安那州,,鳄雀鳝
鳄雀鳝,NATIVE_TO,阿拉巴马州,,鳄雀鳝
鳄雀鳝,NATIVE_TO,阿肯色州,,鳄雀鳝
鳄雀鳝,NATIVE_TO,韦拉克鲁斯州,,鳄雀鳝
鳄雀鳝,PREYS_ON,两栖动物,severity=中,鳄雀鳝
鳄雀鳝,PREYS_ON,两栖动物,severity=高,鳄雀鳝
鳄雀鳝,PREYS_ON,人类,severity=低,鳄雀鳝
鳄雀鳝,PREYS_ON,养殖种,severity=高,鳄雀鳝
鳄雀鳝,PREYS_ON,四大家鱼,severity=中,鳄雀鳝
鳄雀鳝,PREYS_ON,小型哺乳动物,severity=中,鳄雀鳝
鳄雀鳝,PREYS_ON,小型哺乳动物,severity=高,鳄雀鳝
鳄雀鳝,PREYS_ON,巴西龟,severity=高,鳄雀鳝
鳄雀鳝,PREYS_ON,本土种,severity=高,鳄雀鳝
鳄雀鳝,PREYS_ON,本土鱼类,severity=高,鳄雀鳝
鳄雀鳝,PREYS_ON,水生昆虫,severity=高,鳄雀鳝
鳄雀鳝,PREYS_ON,水鸟,severity=中,鳄雀鳝
鳄雀鳝,PREYS_ON,甲壳动物,severity=中,鳄雀鳝
鳄雀鳝,PREYS_ON,甲壳动物,severity=高,鳄雀鳝
鳄雀鳝,PREYS_ON,罗非鱼,severity=高,鳄雀鳝
鳄雀鳝,PREYS_ON,腐肉,severity=低,鳄雀鳝
鳄雀鳝,PREYS_ON,蓝蟹,severity=中,鳄雀鳝
鳄雀鳝,PREYS_ON,锦鲤,severity=高,鳄雀鳝
鳄雀鳝,PREYS_ON,鱼类,severity=高,鳄雀鳝
鳄雀鳝,PREYS_ON,鸟类,severity=中,鳄雀鳝
鳄雀鳝,PREYS_ON,鸟类,severity=高,鳄雀鳝
鳄雀鳝,PREYS_ON,鸭鹅幼雏,severity=高,鳄雀鳝
鳄雀鳝,PREYS_ON,龟,severity=中,鳄雀鳝
鳄雀鳝,SPREAD_RISK_TO,不丹,confidence=中,鳄雀鳝
鳄雀鳝,SPREAD_RISK_TO,东南亚地区,confidence=高,鳄雀鳝
鳄雀鳝,SPREAD_RISK_TO,中亚地区,confidence=中,鳄雀鳝
鳄雀鳝,SPREAD_RISK_TO,中国各省份,confidence=高,鳄雀鳝
鳄雀鳝,SPREAD_RISK_TO,中国多个省份,confidence=高,鳄雀鳝
鳄雀鳝,SPREAD_RISK_TO,中美洲,confidence=低,鳄雀鳝
鳄雀鳝,SPREAD_RISK_TO,中非共和国,confidence=低,鳄雀鳝
鳄雀鳝,SPREAD_RISK_TO,丹麦,confidence=低,鳄雀鳝
鳄雀鳝,SPREAD_RISK_TO,乌克兰,confidence=低,鳄雀鳝
鳄雀鳝,SPREAD_RISK_TO,乌兹别克斯坦,confidence=中,鳄雀鳝
鳄雀鳝,SPREAD_RISK_TO,乌干达,confidence=低,鳄雀鳝
鳄雀鳝,SPREAD_RISK_TO,乌拉圭,confidence=低,鳄雀鳝
鳄雀鳝,SPREAD_RISK_TO,乍得,confidence=低,鳄雀鳝
鳄雀鳝,SPREAD_RISK_TO,也门,confidence=低,鳄雀鳝
鳄雀鳝,SPREAD_RISK_TO,亚洲其他国家,confidence=中,鳄雀鳝
鳄雀鳝,SPREAD_RISK_TO,亚美尼亚,confidence=中,鳄雀鳝
鳄雀鳝,SPREAD_RISK_TO,以色列,confidence=低,鳄雀鳝
鳄雀鳝,SPREAD_RISK_TO,伊拉克,confidence=中,鳄雀鳝
鳄雀鳝,SPREAD_RISK_TO,伊朗,confidence=中,鳄雀鳝
鳄雀鳝,SPREAD_RISK_TO,佛得角,confidence=低,鳄雀鳝
鳄雀鳝,SPREAD_RISK_TO,俄罗斯,confidence=低,鳄雀鳝
鳄雀鳝,SPREAD_RISK_TO,保加利亚,confidence=低,鳄雀鳝
鳄雀鳝,SPREAD_RISK_TO,克罗地亚,confidence=低,鳄雀鳝
鳄雀鳝,SPREAD_RISK_TO,全国,confidence=中,鳄雀鳝
鳄雀鳝,SPREAD_RISK_TO,全国范围,confidence=高,鳄雀鳝
鳄雀鳝,SPREAD_RISK_TO,全球其他地区,confidence=中,鳄雀鳝
鳄雀鳝,SPREAD_RISK_TO,全球多地,confidence=高,鳄雀鳝
鳄雀鳝,SPREAD_RISK_TO,冈比亚,confidence=低,鳄雀鳝
鳄雀鳝,SPREAD_RISK_TO,冰岛,confidence=低,鳄雀鳝
鳄雀鳝,SPREAD_RISK_TO,几内亚,confidence=低,鳄雀鳝
鳄雀鳝,SPREAD_RISK_TO,几内亚比绍,confidence=低,鳄雀鳝
鳄雀鳝,SPREAD_RISK_TO,列支敦士登,confidence=低,鳄雀鳝
鳄雀鳝,SPREAD_RISK_TO,刚果共和国,confidence=低,鳄雀鳝
鳄雀鳝,SPREAD_RISK_TO,刚果民主共和国,confidence=低,鳄雀鳝
鳄雀鳝,SPREAD_RISK_TO,利比亚,confidence=低,鳄雀鳝
鳄雀鳝,SPREAD_RISK_TO,利比里亚,confidence=低,鳄雀鳝
鳄雀鳝,SPREAD_RISK_TO,加勒比地区,confidence=低,鳄雀鳝
鳄雀鳝,SPREAD_RISK_TO,加拿大,confidence=低,鳄雀鳝
鳄雀鳝,SPREAD_RISK_TO,加纳,confidence=低,鳄雀鳝
鳄雀鳝,SPREAD_RISK_TO,加蓬,confidence=低,鳄雀鳝
鳄雀鳝,SPREAD_RISK_TO,匈牙利,confidence=低,鳄雀鳝
鳄雀鳝,SPREAD_RISK_TO,北美洲其他地区,confidence=低,鳄雀鳝
鳄雀鳝,SPREAD_RISK_TO,北马其顿,confidence=低,鳄雀鳝
鳄雀鳝,SPREAD_RISK_TO,华中地区,confidence=中,鳄雀鳝
鳄雀鳝,SPREAD_RISK_TO,华南地区,confidence=高,鳄雀鳝
鳄雀鳝,SPREAD_RISK_TO,华南地区,confidence=中,鳄雀鳝
鳄雀鳝,SPREAD_RISK_TO,南亚地区,confidence=中,鳄雀鳝
鳄雀鳝,SPREAD_RISK_TO,南极洲,confidence=低,鳄雀鳝
鳄雀鳝,SPREAD_RISK_TO,南美洲,confidence=低,鳄雀鳝
鳄雀鳝,SPREAD_RISK_TO,南苏丹,confidence=低,鳄雀鳝
鳄雀鳝,SPREAD_RISK_TO,南非,confidence=低,鳄雀鳝
鳄雀鳝,SPREAD_RISK_TO,博茨瓦纳,confidence=低,鳄雀鳝
鳄雀鳝,SPREAD_RISK_TO,卡塔尔,confidence=低,鳄雀鳝
鳄雀鳝,SPREAD_RISK_TO,卢旺达,confidence=低,鳄雀鳝
鳄雀鳝,SPREAD_RISK_TO,卢森堡,confidence=低,鳄雀鳝
鳄雀鳝,SPREAD_RISK_TO,印度,confidence=高,鳄雀鳝
鳄雀鳝,SPREAD_RISK_TO,印度尼西亚,confidence=中,鳄雀鳝
鳄雀鳝,SPREAD_RISK_TO,厄瓜多尔,confidence=低,鳄雀鳝
鳄雀鳝,SPREAD_RISK_TO,厄立特里亚,confidence=低,鳄雀鳝
鳄雀鳝,SPREAD_RISK_TO,叙利亚,confidence=中,鳄雀鳝
鳄雀鳝,SPREAD_RISK_TO,台湾,confidence=高,鳄雀鳝
鳄雀鳝,SPREAD_RISK_TO,吉尔吉斯斯坦,confidence=中,鳄雀鳝
鳄雀鳝,SPREAD_RISK_TO,吉布提,confidence=低,鳄雀鳝
鳄雀鳝,SPREAD_RISK_TO,哈萨克斯坦,confidence=中,鳄雀鳝
鳄雀鳝,SPREAD_RISK_TO,哥伦比亚,confidence=低,鳄雀鳝
鳄雀鳝,SPREAD_RISK_TO,喀麦隆,confidence=低,鳄雀鳝
鳄雀鳝,SPREAD_RISK_TO,图瓦卢,confidence=低,鳄雀鳝
鳄雀鳝,SPREAD_RISK_TO,土库曼斯坦,confidence=中,鳄雀鳝
鳄雀鳝,SPREAD_RISK_TO,土耳其,confidence=中,鳄雀鳝
鳄雀鳝,SPREAD_RISK_TO,圣多美和普林西比,confidence=低,鳄雀鳝
鳄雀鳝,SPREAD_RISK_TO,圣赫勒拿,confidence=低,鳄雀鳝
鳄雀鳝,SPREAD_RISK_TO,圣马力诺,confidence=低,鳄雀鳝
鳄雀鳝,SPREAD_RISK_TO,圭亚那,confidence=低,鳄雀鳝
鳄雀鳝,SPREAD_RISK_TO,地中海沿岸,confidence=中,鳄雀鳝
鳄雀鳝,SPREAD_RISK_TO,坦桑尼亚,confidence=低,鳄雀鳝
鳄雀鳝,SPREAD_RISK_TO,埃及,confidence=低,鳄雀鳝
鳄雀鳝,SPREAD_RISK_TO,埃塞俄比亚,confidence=低,鳄雀鳝
鳄雀鳝,SPREAD_RISK_TO,基里巴斯,confidence=低,鳄雀鳝
鳄雀鳝,SPREAD_RISK_TO,塔吉克斯坦,confidence=中,鳄雀鳝
鳄雀鳝,SPREAD_RISK_TO,塞内加尔,confidence=低,鳄雀鳝
鳄雀鳝,SPREAD_RISK_TO,塞尔维亚,confidence=低,鳄雀鳝
鳄雀鳝,SPREAD_RISK_TO,塞拉利昂,confidence=低,鳄雀鳝
鳄雀鳝,SPREAD_RISK_TO,塞浦路斯,confidence=中,鳄雀鳝
鳄雀鳝,SPREAD_RISK_TO,塞舌尔,confidence=低,鳄雀鳝
鳄雀鳝,SPREAD_RISK_TO,墨西哥,confidence=低,鳄雀鳝
鳄雀鳝,SPREAD_RISK_TO,墨西哥湾沿岸,confidence=低,鳄雀鳝
鳄雀鳝,SPREAD_RISK_TO,多哥,confidence=低,鳄雀鳝
鳄雀鳝,SPREAD_RISK_TO,大洋洲,confidence=低,鳄雀鳝
鳄雀鳝,SPREAD_RISK_TO,奥地利,confidence=低,鳄雀鳝
鳄雀鳝,SPREAD_RISK_TO,委内瑞拉,confidence=低,鳄雀鳝
鳄雀鳝,SPREAD_RISK_TO,孟加拉国,confidence=中,鳄雀鳝
鳄雀鳝,SPREAD_RISK_TO,安哥拉,confidence=低,鳄雀鳝
鳄雀鳝,SPREAD_RISK_TO,安道尔,confidence=低,鳄雀鳝
鳄雀鳝,SPREAD_RISK_TO,密克罗尼西亚联邦,confidence=低,鳄雀鳝
鳄雀鳝,SPREAD_RISK_TO,密西西比河流域,confidence=低,鳄雀鳝
鳄雀鳝,SPREAD_RISK_TO,尼日利亚,confidence=低,鳄雀鳝
鳄雀鳝,SPREAD_RISK_TO,尼日尔,confidence=低,鳄雀鳝
鳄雀鳝,SPREAD_RISK_TO,尼泊尔,confidence=中,鳄雀鳝
鳄雀鳝,SPREAD_RISK_TO,巴勒斯坦,confidence=低,鳄雀鳝
鳄雀鳝,SPREAD_RISK_TO,巴基斯坦,confidence=中,鳄雀鳝
鳄雀鳝,SPREAD_RISK_TO,巴布亚新几内亚,confidence=低,鳄雀鳝
鳄雀鳝,SPREAD_RISK_TO,巴拉圭,confidence=低,鳄雀鳝
鳄雀鳝,SPREAD_RISK_TO,巴林,confidence=低,鳄雀鳝
鳄雀鳝,SPREAD_RISK_TO,巴西,confidence=低,鳄雀鳝
鳄雀鳝,SPREAD_RISK_TO,布基纳法索,confidence=低,鳄雀鳝
鳄雀鳝,SPREAD_RISK_TO,布隆迪,confidence=低,鳄雀鳝
鳄雀鳝,SPREAD_RISK_TO,希腊,confidence=低,鳄雀鳝
鳄雀鳝,SPREAD_RISK_TO,帕劳,confidence=低,鳄雀鳝
鳄雀鳝,SPREAD_RISK_TO,库克群岛,confidence=低,鳄雀鳝
鳄雀鳝,SPREAD_RISK_TO,德国,confidence=低,鳄雀鳝
鳄雀鳝,SPREAD_RISK_TO,恒河流域,confidence=中,鳄雀鳝
鳄雀鳝,SPREAD_RISK_TO,意大利,confidence=低,鳄雀鳝
鳄雀鳝,SPREAD_RISK_TO,所罗门群岛,confidence=低,鳄雀鳝
鳄雀鳝,SPREAD_RISK_TO,托克劳,confidence=低,鳄雀鳝
鳄雀鳝,SPREAD_RISK_TO,拉脱维亚,confidence=低,鳄雀鳝
鳄雀鳝,SPREAD_RISK_TO,挪威,confidence=低,鳄雀鳝
鳄雀鳝,SPREAD_RISK_TO,捷克,confidence=低,鳄雀鳝
鳄雀鳝,SPREAD_RISK_TO,摩尔多瓦,confidence=低,鳄雀鳝
鳄雀鳝,SPREAD_RISK_TO,摩洛哥,confidence=低,鳄雀鳝
鳄雀鳝,SPREAD_RISK_TO,摩纳哥,confidence=低,鳄雀鳝
鳄雀鳝,SPREAD_RISK_TO,斐济,confidence=低,鳄雀鳝
鳄雀鳝,SPREAD_RISK_TO,斯威士兰,confidence=低,鳄雀鳝
鳄雀鳝,SPREAD_RISK_TO,斯洛伐克,confidence=低,鳄雀鳝
鳄雀鳝,SPREAD_RISK_TO,斯洛文尼亚,confidence=低,鳄雀鳝
鳄雀鳝,SPREAD_RISK_TO,斯里兰卡,confidence=中,鳄雀鳝
鳄雀鳝,SPREAD_RISK_TO,新加坡,confidence=高,鳄雀鳝
鳄雀鳝,SPREAD_RISK_TO,新喀里多尼亚,confidence=低,鳄雀鳝
鳄雀鳝,SPREAD_RISK_TO,新西兰,confidence=低,鳄雀鳝
鳄雀鳝,SPREAD_RISK_TO,日本,confidence=中,鳄雀鳝
鳄雀鳝,SPREAD_RISK_TO,智利,confidence=低,鳄雀鳝
鳄雀鳝,SPREAD_RISK_TO,朝鲜,confidence=中,鳄雀鳝
鳄雀鳝,SPREAD_RISK_TO,柬埔寨,confidence=中,鳄雀鳝
鳄雀鳝,SPREAD_RISK_TO,根西岛,confidence=低,鳄雀鳝
鳄雀鳝,SPREAD_RISK_TO,格陵兰,confidence=低,鳄雀鳝
鳄雀鳝,SPREAD_RISK_TO,格鲁吉亚,confidence=中,鳄雀鳝
鳄雀鳝,SPREAD_RISK_TO,梵蒂冈,confidence=低,鳄雀鳝
鳄雀鳝,SPREAD_RISK_TO,欧洲,confidence=低,鳄雀鳝
鳄雀鳝,SPREAD_RISK_TO,比利时,confidence=低,鳄雀鳝
鳄雀鳝,SPREAD_RISK_TO,毛里塔尼亚,confidence=低,鳄雀鳝
鳄雀鳝,SPREAD_RISK_TO,毛里求斯,confidence=低,鳄雀鳝
鳄雀鳝,SPREAD_RISK_TO,汤加,confidence=低,鳄雀鳝
鳄雀鳝,SPREAD_RISK_TO,沙特阿拉伯,confidence=低,鳄雀鳝
鳄雀鳝,SPREAD_RISK_TO,法国,confidence=低,鳄雀鳝
鳄雀鳝,SPREAD_RISK_TO,法属南部和南极领地,confidence=低,鳄雀鳝
鳄雀鳝,SPREAD_RISK_TO,法属圭亚那,confidence=低,鳄雀鳝
鳄雀鳝,SPREAD_RISK_TO,法属波利尼西亚,confidence=低,鳄雀鳝
鳄雀鳝,SPREAD_RISK_TO,法罗群岛,confidence=低,鳄雀鳝
鳄雀鳝,SPREAD_RISK_TO,波兰,confidence=低,鳄雀鳝
鳄雀鳝,SPREAD_RISK_TO,波黑,confidence=低,鳄雀鳝
鳄雀鳝,SPREAD_RISK_TO,泰国,confidence=高,鳄雀鳝
鳄雀鳝,SPREAD_RISK_TO,泽西岛,confidence=低,鳄雀鳝
鳄雀鳝,SPREAD_RISK_TO,津巴布韦,confidence=低,鳄雀鳝
鳄雀鳝,SPREAD_RISK_TO,湄公河流域,confidence=中,鳄雀鳝
鳄雀鳝,SPREAD_RISK_TO,澳大利亚,confidence=低,鳄雀鳝
鳄雀鳝,SPREAD_RISK_TO,澳门,confidence=高,鳄雀鳝
鳄雀鳝,SPREAD_RISK_TO,爱沙尼亚,confidence=低,鳄雀鳝
鳄雀鳝,SPREAD_RISK_TO,玻利维亚,confidence=低,鳄雀鳝
鳄雀鳝,SPREAD_RISK_TO,珠江流域,confidence=高,鳄雀鳝
鳄雀鳝,SPREAD_RISK_TO,瑙鲁,confidence=低,鳄雀鳝
鳄雀鳝,SPREAD_RISK_TO,瑞典,confidence=低,鳄雀鳝
鳄雀鳝,SPREAD_RISK_TO,瑞士,confidence=低,鳄雀鳝
鳄雀鳝,SPREAD_RISK_TO,瓦利斯和富图纳,confidence=低,鳄雀鳝
鳄雀鳝,SPREAD_RISK_TO,瓦努阿图,confidence=低,鳄雀鳝
鳄雀鳝,SPREAD_RISK_TO,留尼汪,confidence=低,鳄雀鳝
鳄雀鳝,SPREAD_RISK_TO,白俄罗斯,confidence=低,鳄雀鳝
鳄雀鳝,SPREAD_RISK_TO,皮特凯恩群岛,confidence=低,鳄雀鳝
鳄雀鳝,SPREAD_RISK_TO,直布罗陀,confidence=低,鳄雀鳝
鳄雀鳝,SPREAD_RISK_TO,科威特,confidence=低,鳄雀鳝
鳄雀鳝,SPREAD_RISK_TO,科摩罗,confidence=低,鳄雀鳝
鳄雀鳝,SPREAD_RISK_TO,科特迪瓦,confidence=低,鳄雀鳝
鳄雀鳝,SPREAD_RISK_TO,秘鲁,confidence=低,鳄雀鳝
鳄雀鳝,SPREAD_RISK_TO,突尼斯,confidence=低,鳄雀鳝
鳄雀鳝,SPREAD_RISK_TO,立陶宛,confidence=低,鳄雀鳝
鳄雀鳝,SPREAD_RISK_TO,索马里,confidence=低,鳄雀鳝
鳄雀鳝,SPREAD_RISK_TO,约旦,confidence=低,鳄雀鳝
鳄雀鳝,SPREAD_RISK_TO,纳米比亚,confidence=低,鳄雀鳝
鳄雀鳝,SPREAD_RISK_TO,纽埃,confidence=低,鳄雀鳝
鳄雀鳝,SPREAD_RISK_TO,缅甸,confidence=中,鳄雀鳝
鳄雀鳝,SPREAD_RISK_TO,罗马尼亚,confidence=低,鳄雀鳝
鳄雀鳝,SPREAD_RISK_TO,老挝,confidence=中,鳄雀鳝
鳄雀鳝,SPREAD_RISK_TO,肯尼亚,confidence=低,鳄雀鳝
鳄雀鳝,SPREAD_RISK_TO,芬兰,confidence=低,鳄雀鳝
鳄雀鳝,SPREAD_RISK_TO,苏丹,confidence=低,鳄雀鳝
鳄雀鳝,SPREAD_RISK_TO,苏里南,confidence=低,鳄雀鳝
鳄雀鳝,SPREAD_RISK_TO,英国,confidence=低,鳄雀鳝
鳄雀鳝,SPREAD_RISK_TO,荷兰,confidence=低,鳄雀鳝
鳄雀鳝,SPREAD_RISK_TO,莫桑比克,confidence=低,鳄雀鳝
鳄雀鳝,SPREAD_RISK_TO,莱索托,confidence=低,鳄雀鳝
鳄雀鳝,SPREAD_RISK_TO,菲律宾,confidence=中,鳄雀鳝
鳄雀鳝,SPREAD_RISK_TO,萨摩亚,confidence=低,鳄雀鳝
鳄雀鳝,SPREAD_RISK_TO,葡萄牙,confidence=低,鳄雀鳝
鳄雀鳝,SPREAD_RISK_TO,蒙古,confidence=中,鳄雀鳝
鳄雀鳝,SPREAD_RISK_TO,西撒哈拉,confidence=低,鳄雀鳝
鳄雀鳝,SPREAD_RISK_TO,西班牙,confidence=低,鳄雀鳝
鳄雀鳝,SPREAD_RISK_TO,贝宁,confidence=低,鳄雀鳝
鳄雀鳝,SPREAD_RISK_TO,赞比亚,confidence=低,鳄雀鳝
鳄雀鳝,SPREAD_RISK_TO,赤道几内亚,confidence=低,鳄雀鳝
鳄雀鳝,SPREAD_RISK_TO,越南,confidence=中,鳄雀鳝
鳄雀鳝,SPREAD_RISK_TO,里海沿岸,confidence=中,鳄雀鳝
鳄雀鳝,SPREAD_RISK_TO,长江流域,confidence=高,鳄雀鳝
鳄雀鳝,SPREAD_RISK_TO,长江流域,confidence=中,鳄雀鳝
鳄雀鳝,SPREAD_RISK_TO,阿塞拜疆,confidence=中,鳄雀鳝
鳄雀鳝,SPREAD_RISK_TO,阿富汗,confidence=中,鳄雀鳝
鳄雀鳝,SPREAD_RISK_TO,阿尔及利亚,confidence=低,鳄雀鳝
鳄雀鳝,SPREAD_RISK_TO,阿尔巴尼亚,confidence=低,鳄雀鳝
鳄雀鳝,SPREAD_RISK_TO,阿曼,confidence=低,鳄雀鳝
鳄雀鳝,SPREAD_RISK_TO,阿根廷,confidence=低,鳄雀鳝
鳄雀鳝,SPREAD_RISK_TO,阿联酋,confidence=低,鳄雀鳝
鳄雀鳝,SPREAD_RISK_TO,非洲,confidence=低,鳄雀鳝
鳄雀鳝,SPREAD_RISK_TO,韩国,confidence=中,鳄雀鳝
鳄雀鳝,SPREAD_RISK_TO,香港,confidence=高,鳄雀鳝
鳄雀鳝,SPREAD_RISK_TO,马尔代夫,confidence=低,鳄雀鳝
鳄雀鳝,SPREAD_RISK_TO,马恩岛,confidence=低,鳄雀鳝
鳄雀鳝,SPREAD_RISK_TO,马拉维,confidence=低,鳄雀鳝
鳄雀鳝,SPREAD_RISK_TO,马来西亚,confidence=中,鳄雀鳝
鳄雀鳝,SPREAD_RISK_TO,马约特,confidence=低,鳄雀鳝
鳄雀鳝,SPREAD_RISK_TO,马绍尔群岛,confidence=低,鳄雀鳝
鳄雀鳝,SPREAD_RISK_TO,马耳他,confidence=低,鳄雀鳝
鳄雀鳝,SPREAD_RISK_TO,马达加斯加,confidence=低,鳄雀鳝
鳄雀鳝,SPREAD_RISK_TO,马里,confidence=低,鳄雀鳝
鳄雀鳝,SPREAD_RISK_TO,黄河流域,confidence=中,鳄雀鳝
鳄雀鳝,SPREAD_RISK_TO,黎巴嫩,confidence=低,鳄雀鳝
鳄雀鳝,SPREAD_RISK_TO,黑山,confidence=低,鳄雀鳝
鳄雀鳝,THRIVES_IN,下水道,,鳄雀鳝
鳄雀鳝,THRIVES_IN,人工湖,,鳄雀鳝
鳄雀鳝,THRIVES_IN,公园水体,,鳄雀鳝
鳄雀鳝,THRIVES_IN,咸水区,,鳄雀鳝
鳄雀鳝,THRIVES_IN,城市中央公园,,鳄雀鳝
鳄雀鳝,THRIVES_IN,城市内部湖泊,,鳄雀鳝
鳄雀鳝,THRIVES_IN,城市周边湖泊,,鳄雀鳝
鳄雀鳝,THRIVES_IN,大型河流,,鳄雀鳝
鳄雀鳝,THRIVES_IN,封闭水域,,鳄雀鳝
鳄雀鳝,THRIVES_IN,微咸水,,鳄雀鳝
鳄雀鳝,THRIVES_IN,放生池,,鳄雀鳝
鳄雀鳝,THRIVES_IN,景观池,,鳄雀鳝
鳄雀鳝,THRIVES_IN,水塘,,鳄雀鳝
鳄雀鳝,THRIVES_IN,水库,,鳄雀鳝
鳄雀鳝,THRIVES_IN,河口,,鳄雀鳝
鳄雀鳝,THRIVES_IN,河流,,鳄雀鳝
鳄雀鳝,THRIVES_IN,沼泽,,鳄雀鳝
鳄雀鳝,THRIVES_IN,海湾,,鳄雀鳝
鳄雀鳝,THRIVES_IN,淡水生态系统,,鳄雀鳝
鳄雀鳝,THRIVES_IN,湖泊,,鳄雀鳝
鳄雀鳝,THRIVES_IN,牛轭湖,,鳄雀鳝
