species,Entity1,Relationship,Entity2,Property
福寿螺,福寿螺,REPORTED_IN,上海市,year=null;status=分布
福寿螺,福寿螺,REPORTED_IN,中国云南省大理市,year=2009;status=发现感染个体
福寿螺,福寿螺,REPORTED_IN,中国台湾省,year=1979;status=引入
福寿螺,福寿螺,REPORTED_IN,中国台湾省高雄市美浓区,year=1979;status=引入
福寿螺,福寿螺,REPORTED_IN,中国广东省中山市,year=1981;status=引入
福寿螺,福寿螺,REPORTED_IN,中国河南省南阳市,year=2024;status=发现卵块
福寿螺,福寿螺,REPORTED_IN,中国浙江省台州市,year=1999;status=入侵
福寿螺,福寿螺,REPORTED_IN,中国浙江省宁波市,year=2002;status=入侵
福寿螺,福寿螺,REPORTED_IN,中国浙江省杭州市,year=1980s;status=引入
福寿螺,福寿螺,REPORTED_IN,云南省,year=1984;status=引入
福寿螺,福寿螺,REPORTED_IN,云南省大理市,year=2009;status=发现感染个体
福寿螺,福寿螺,REPORTED_IN,关岛,year=null;status=分布
福寿螺,福寿螺,REPORTED_IN,印度尼西亚,year=null;status=分布
福寿螺,福寿螺,REPORTED_IN,台湾省,year=1979;status=引入
福寿螺,福寿螺,REPORTED_IN,四川省,year=1984;status=引入
福寿螺,福寿螺,REPORTED_IN,多米尼加,year=null;status=分布
福寿螺,福寿螺,REPORTED_IN,安徽省,year=null;status=分布
福寿螺,福寿螺,REPORTED_IN,巴布亚新几内亚,year=null;status=分布
福寿螺,福寿螺,REPORTED_IN,广东省中山市,year=1981;status=引入
福寿螺,福寿螺,REPORTED_IN,广西壮族自治区,year=1984;status=引入
福寿螺,福寿螺,REPORTED_IN,斯里兰卡,year=null;status=分布
福寿螺,福寿螺,REPORTED_IN,新加坡,year=null;status=分布
福寿螺,福寿螺,REPORTED_IN,日本,year=1980s;status=引入
福寿螺,福寿螺,REPORTED_IN,日本山形县,year=null;status=发现
福寿螺,福寿螺,REPORTED_IN,日本熊本县,year=1964;status=引入
福寿螺,福寿螺,REPORTED_IN,日本茨城县,year=null;status=分布北缘
福寿螺,福寿螺,REPORTED_IN,智利,year=2009;status=发现
福寿螺,福寿螺,REPORTED_IN,柬埔寨,year=null;status=分布
福寿螺,福寿螺,REPORTED_IN,江苏省,year=null;status=分布
福寿螺,福寿螺,REPORTED_IN,江西省,year=null;status=分布
福寿螺,福寿螺,REPORTED_IN,河南省南阳市,year=2024;status=发现卵块
福寿螺,福寿螺,REPORTED_IN,泰国,year=1986;status=引入
福寿螺,福寿螺,REPORTED_IN,浙江省,year=1980s;status=引入
福寿螺,福寿螺,REPORTED_IN,浙江省台州市,year=1999;status=入侵
福寿螺,福寿螺,REPORTED_IN,浙江省宁波市,year=2002;status=入侵
福寿螺,福寿螺,REPORTED_IN,浙江省杭州市余杭区,year=1980s;status=引入
福寿螺,福寿螺,REPORTED_IN,浙江省杭州市富阳区,year=1980s;status=引入
福寿螺,福寿螺,REPORTED_IN,浙江省杭州市建德市,year=1980s;status=引入
福寿螺,福寿螺,REPORTED_IN,浙江省杭州市桐庐县,year=1980s;status=引入
福寿螺,福寿螺,REPORTED_IN,浙江省杭州市淳安县,year=1980s;status=引入
福寿螺,福寿螺,REPORTED_IN,浙江省杭州市萧山区,year=1980s;status=引入
福寿螺,福寿螺,REPORTED_IN,浙江省杭州市西湖区,year=1980s;status=引入
福寿螺,福寿螺,REPORTED_IN,湖北省,year=null;status=分布
福寿螺,福寿螺,REPORTED_IN,湖南省,year=null;status=分布
福寿螺,福寿螺,REPORTED_IN,福建省,year=1984;status=引入
福寿螺,福寿螺,REPORTED_IN,美国亚利桑那州尤马县,year=null;status=分布
福寿螺,福寿螺,REPORTED_IN,美国亚利桑那州尤马县池塘,year=null;status=分布
福寿螺,福寿螺,REPORTED_IN,美国亚拉巴马州三里溪,year=null;status=分布
福寿螺,福寿螺,REPORTED_IN,美国亚拉巴马州兰根公园,year=null;status=分布
福寿螺,福寿螺,REPORTED_IN,美国亚拉巴马州莫比尔-滕索河三角洲,year=null;status=分布
福寿螺,福寿螺,REPORTED_IN,美国亚拉巴马州莫比尔县,year=null;status=分布
福寿螺,福寿螺,REPORTED_IN,美国亚拉巴马州鲍德温县,year=null;status=分布
福寿螺,福寿螺,REPORTED_IN,美国佛罗里达州奥兰多市,year=null;status=分布
福寿螺,福寿螺,REPORTED_IN,美国佛罗里达州小韦基瓦河,year=null;status=分布
福寿螺,福寿螺,REPORTED_IN,美国佛罗里达州杜瓦尔郡杰克逊维尔市,year=null;status=分布
福寿螺,福寿螺,REPORTED_IN,美国关岛美索河,year=null;status=分布
福寿螺,福寿螺,REPORTED_IN,美国加利福尼亚州克恩县,year=null;status=分布
福寿螺,福寿螺,REPORTED_IN,美国加利福尼亚州哈特纪念公园,year=null;status=分布
福寿螺,福寿螺,REPORTED_IN,美国加利福尼亚州圣地亚哥县,year=null;status=分布
福寿螺,福寿螺,REPORTED_IN,美国加利福尼亚州米拉玛湖,year=null;status=分布
福寿螺,福寿螺,REPORTED_IN,美国加利福尼亚州索尔顿湖,year=null;status=分布
福寿螺,福寿螺,REPORTED_IN,美国加利福尼亚州莫雷湖,year=null;status=分布
福寿螺,福寿螺,REPORTED_IN,美国加利福尼亚州里弗赛德县,year=null;status=分布
福寿螺,福寿螺,REPORTED_IN,美国北卡罗来纳州罗京安县,year=null;status=分布
福寿螺,福寿螺,REPORTED_IN,美国印第安纳州瓦沃西湖,year=null;status=分布
福寿螺,福寿螺,REPORTED_IN,美国印第安纳州科修斯科县,year=null;status=分布
福寿螺,福寿螺,REPORTED_IN,美国夏威夷州,year=1989;status=引入
福寿螺,福寿螺,REPORTED_IN,美国夏威夷州夏威夷大岛,year=null;status=分布
福寿螺,福寿螺,REPORTED_IN,美国夏威夷州拉拿夷岛,year=null;status=分布
福寿螺,福寿螺,REPORTED_IN,美国夏威夷州毛伊岛,year=null;status=分布
福寿螺,福寿螺,REPORTED_IN,美国夏威夷州瓦胡岛,year=null;status=分布
福寿螺,福寿螺,REPORTED_IN,美国夏威夷州考爱岛,year=null;status=分布
福寿螺,福寿螺,REPORTED_IN,美国爱达荷州斯内克河,year=null;status=分布
福寿螺,福寿螺,REPORTED_IN,美国爱达荷州特温福尔斯县,year=null;status=分布
福寿螺,福寿螺,REPORTED_IN,老挝,year=1991;status=引入
福寿螺,福寿螺,REPORTED_IN,老挝万象市西可哈塔奉区,year=1991;status=引入
福寿螺,福寿螺,REPORTED_IN,肯尼亚,year=2020;status=发现
福寿螺,福寿螺,REPORTED_IN,菲律宾,year=1982;status=引入
福寿螺,福寿螺,REPORTED_IN,越南,year=1988;status=引入
福寿螺,福寿螺,REPORTED_IN,越南建江省,year=1992;status=养殖逃逸
福寿螺,福寿螺,REPORTED_IN,越南胡志明市,year=1992;status=养殖逃逸
福寿螺,福寿螺,REPORTED_IN,重庆市,year=null;status=分布
福寿螺,福寿螺,REPORTED_IN,阿根廷布宜诺斯艾利斯省Paso de las Piedras水库,year=null;status=最南记录
福寿螺,福寿螺,REPORTED_IN,韩国,year=1983;status=引入
福寿螺,福寿螺,REPORTED_IN,韩国全罗南道康津郡,year=null;status=分布
福寿螺,福寿螺,REPORTED_IN,韩国全罗南道海南郡,year=null;status=分布
福寿螺,福寿螺,REPORTED_IN,韩国容州市,year=null;status=分布
福寿螺,福寿螺,REPORTED_IN,韩国尚州市,year=null;status=分布
福寿螺,福寿螺,REPORTED_IN,韩国忠清南道牙山市,year=1983;status=引入
福寿螺,福寿螺,REPORTED_IN,韩国舒川郡,year=null;status=分布
福寿螺,福寿螺,REPORTED_IN,韩国论山市,year=null;status=分布
福寿螺,福寿螺,REPORTED_IN,马来西亚,year=1991;status=发现
福寿螺,福寿螺,REPORTED_IN,马来西亚雪兰莪梳邦,year=1991;status=发现
红耳彩龟,巴西龟,REPORTED_IN,中国,year=null;status=分布
红耳彩龟,红耳彩龟,REPORTED_IN,Angitola湖,year=null;status=分布
红耳彩龟,红耳彩龟,REPORTED_IN,Cres岛,year=2019;status=首次记录
红耳彩龟,红耳彩龟,REPORTED_IN,三亚市,year=2026;status=提及
红耳彩龟,红耳彩龟,REPORTED_IN,上海市,year=null;status=分布
红耳彩龟,红耳彩龟,REPORTED_IN,中国,year=null;status=分布
红耳彩龟,红耳彩龟,REPORTED_IN,中国,year=1980;status=引入
红耳彩龟,红耳彩龟,REPORTED_IN,中国,year=null;status=泛滥
红耳彩龟,红耳彩龟,REPORTED_IN,中国大陆,year=1980年代;status=引进
红耳彩龟,红耳彩龟,REPORTED_IN,乌格拉塔拉德瓦拉亚寺池塘,year=2018;status=发现
红耳彩龟,红耳彩龟,REPORTED_IN,云南省,year=null;status=分布
红耳彩龟,红耳彩龟,REPORTED_IN,亚洲,year=null;status=广泛分布
红耳彩龟,红耳彩龟,REPORTED_IN,以色列,year=null;status=有野化种群
红耳彩龟,红耳彩龟,REPORTED_IN,伊利诺伊州,year=null;status=分布
红耳彩龟,红耳彩龟,REPORTED_IN,佛罗里达州,year=null;status=禁止销售野生型
红耳彩龟,红耳彩龟,REPORTED_IN,俄罗斯,year=null;status=有野化种群
红耳彩龟,红耳彩龟,REPORTED_IN,全国,year=null;status=泛滥
红耳彩龟,红耳彩龟,REPORTED_IN,全国大部分省自治区直辖市,year=null;status=有养殖
红耳彩龟,红耳彩龟,REPORTED_IN,关岛,year=null;status=有野化种群
红耳彩龟,红耳彩龟,REPORTED_IN,加拿大,year=null;status=有野化种群
红耳彩龟,红耳彩龟,REPORTED_IN,北京市,year=null;status=分布
红耳彩龟,红耳彩龟,REPORTED_IN,北京市,year=2025;status=查获
红耳彩龟,红耳彩龟,REPORTED_IN,华南地区,year=null;status=提及
红耳彩龟,红耳彩龟,REPORTED_IN,南宁市,year=null;status=查获
红耳彩龟,红耳彩龟,REPORTED_IN,南方地区,year=null;status=泛滥
红耳彩龟,红耳彩龟,REPORTED_IN,南非,year=null;status=有野化种群
红耳彩龟,红耳彩龟,REPORTED_IN,印度东北部,year=null;status=有入侵风险
红耳彩龟,红耳彩龟,REPORTED_IN,台湾省,year=null;status=有野化种群
红耳彩龟,红耳彩龟,REPORTED_IN,台湾省,year=null;status=分布
红耳彩龟,红耳彩龟,REPORTED_IN,台湾省,year=null;status=已入侵并形成庞大族群
红耳彩龟,红耳彩龟,REPORTED_IN,台湾省,year=null;status=发现
红耳彩龟,红耳彩龟,REPORTED_IN,夏威夷,year=null;status=有野化种群
红耳彩龟,红耳彩龟,REPORTED_IN,多地,year=null;status=分布
红耳彩龟,红耳彩龟,REPORTED_IN,如皋市,year=2025;status=提及
红耳彩龟,红耳彩龟,REPORTED_IN,密西西比河及格兰德河流域,year=null;status=原产地
红耳彩龟,红耳彩龟,REPORTED_IN,小坑水库,year=2017;status=分布
红耳彩龟,红耳彩龟,REPORTED_IN,山东省,year=null;status=分布
红耳彩龟,红耳彩龟,REPORTED_IN,山东省,year=null;status=查获
红耳彩龟,红耳彩龟,REPORTED_IN,山西省,year=null;status=分布
红耳彩龟,红耳彩龟,REPORTED_IN,巴林,year=null;status=有野化种群
红耳彩龟,红耳彩龟,REPORTED_IN,广东省,year=null;status=分布
红耳彩龟,红耳彩龟,REPORTED_IN,广东省,year=null;status=泛滥
红耳彩龟,红耳彩龟,REPORTED_IN,广州市,year=null;status=查获
红耳彩龟,红耳彩龟,REPORTED_IN,德克萨斯州,year=2017;status=分布
红耳彩龟,红耳彩龟,REPORTED_IN,拱北口岸,year=null;status=查获
红耳彩龟,红耳彩龟,REPORTED_IN,文锦渡口岸,year=2025;status=查获
红耳彩龟,红耳彩龟,REPORTED_IN,新南威尔士州,year=null;status=有繁殖种群
红耳彩龟,红耳彩龟,REPORTED_IN,日本,year=2006;status=分布
红耳彩龟,红耳彩龟,REPORTED_IN,日本,year=2023;status=立法禁止出售或放生
红耳彩龟,红耳彩龟,REPORTED_IN,昆士兰州,year=null;status=有繁殖种群
红耳彩龟,红耳彩龟,REPORTED_IN,杭州市西湖风景名胜区,year=null;status=分布
红耳彩龟,红耳彩龟,REPORTED_IN,欧洲,year=null;status=广泛分布
红耳彩龟,红耳彩龟,REPORTED_IN,武汉市,year=null;status=提及
红耳彩龟,红耳彩龟,REPORTED_IN,民政林场,year=2017;status=分布
红耳彩龟,红耳彩龟,REPORTED_IN,水绘园风景区,year=2025;status=提及
红耳彩龟,红耳彩龟,REPORTED_IN,江苏省,year=null;status=分布
红耳彩龟,红耳彩龟,REPORTED_IN,江门市,year=2023;status=查获
红耳彩龟,红耳彩龟,REPORTED_IN,河南省,year=null;status=分布
红耳彩龟,红耳彩龟,REPORTED_IN,泰国,year=null;status=有野化种群
红耳彩龟,红耳彩龟,REPORTED_IN,泰国,year=2019;status=发现白化个体
红耳彩龟,红耳彩龟,REPORTED_IN,浙江省,year=null;status=分布
红耳彩龟,红耳彩龟,REPORTED_IN,海南三亚,year=2026;status=提及
红耳彩龟,红耳彩龟,REPORTED_IN,海南省,year=null;status=分布
红耳彩龟,红耳彩龟,REPORTED_IN,深圳市,year=2025;status=查获
红耳彩龟,红耳彩龟,REPORTED_IN,湖北省,year=null;status=分布
红耳彩龟,红耳彩龟,REPORTED_IN,湖北省,year=null;status=提及
红耳彩龟,红耳彩龟,REPORTED_IN,湖南省,year=null;status=分布
红耳彩龟,红耳彩龟,REPORTED_IN,澳大利亚,year=null;status=分布
红耳彩龟,红耳彩龟,REPORTED_IN,澳大利亚,year=null;status=已入侵
红耳彩龟,红耳彩龟,REPORTED_IN,澳大利亚首都领地,year=null;status=有野生个体
红耳彩龟,红耳彩龟,REPORTED_IN,澳洲,year=null;status=有野化种群
红耳彩龟,红耳彩龟,REPORTED_IN,珠海市,year=2022;status=查获
红耳彩龟,红耳彩龟,REPORTED_IN,珠海市,year=2024;status=查获
红耳彩龟,红耳彩龟,REPORTED_IN,甘肃省,year=null;status=分布
红耳彩龟,红耳彩龟,REPORTED_IN,百慕大,year=null;status=有野化种群
红耳彩龟,红耳彩龟,REPORTED_IN,皇岗口岸,year=2023;status=查获
红耳彩龟,红耳彩龟,REPORTED_IN,福州市,year=null;status=查获
红耳彩龟,红耳彩龟,REPORTED_IN,福建省,year=null;status=分布
红耳彩龟,红耳彩龟,REPORTED_IN,福建省,year=null;status=泛滥
红耳彩龟,红耳彩龟,REPORTED_IN,福田口岸,year=2025;status=查获
红耳彩龟,红耳彩龟,REPORTED_IN,维多利亚州,year=null;status=有野生个体
红耳彩龟,红耳彩龟,REPORTED_IN,美洲,year=null;status=广泛分布
红耳彩龟,红耳彩龟,REPORTED_IN,艾藻尔,year=2019;status=发现
红耳彩龟,红耳彩龟,REPORTED_IN,英国,year=null;status=有野化种群
红耳彩龟,红耳彩龟,REPORTED_IN,莲塘口岸,year=2025;status=查获
红耳彩龟,红耳彩龟,REPORTED_IN,西溪国家湿地公园,year=null;status=分布
红耳彩龟,红耳彩龟,REPORTED_IN,西澳大利亚州,year=null;status=有野生个体
红耳彩龟,红耳彩龟,REPORTED_IN,西班牙,year=null;status=有野化种群
红耳彩龟,红耳彩龟,REPORTED_IN,西藏自治区,year=null;status=分布
红耳彩龟,红耳彩龟,REPORTED_IN,赛里木湖,year=2025;status=发现
红耳彩龟,红耳彩龟,REPORTED_IN,辽宁省,year=null;status=分布
红耳彩龟,红耳彩龟,REPORTED_IN,迪普比尔野生动物保护区,year=2018;status=发现
红耳彩龟,红耳彩龟,REPORTED_IN,长乐区,year=2026;status=提及
红耳彩龟,红耳彩龟,REPORTED_IN,长春动植物公园,year=2024;status=提及
红耳彩龟,红耳彩龟,REPORTED_IN,长春市,year=2024;status=提及
红耳彩龟,红耳彩龟,REPORTED_IN,长江流域,year=null;status=产卵期
红耳彩龟,红耳彩龟,REPORTED_IN,长江流域,year=null;status=提及
红耳彩龟,红耳彩龟,REPORTED_IN,闽江河口湿地,year=2026;status=提及
红耳彩龟,红耳彩龟,REPORTED_IN,非洲,year=null;status=广泛分布
红耳彩龟,红耳彩龟,REPORTED_IN,首都机场,year=2025;status=查获
红耳彩龟,红耳彩龟,REPORTED_IN,马里亚纳群岛,year=null;status=有野化种群
红耳彩龟,红耳彩龟,REPORTED_IN,黄婆洞水库,year=2017;status=分布
红耳彩龟,鳄龟,REPORTED_IN,中国,year=null;status=分布
非洲大蜗牛,福州市儿童公园,REPORTED_IN,福州市,year=2024;status=发生
非洲大蜗牛,福建省平潭综合实验区如意湖公园,REPORTED_IN,平潭综合实验区,year=2025;status=发生
非洲大蜗牛,福建省平潭综合实验区如意社区,REPORTED_IN,平潭综合实验区,year=2026;status=发生
非洲大蜗牛,福建省泉州市东湖公园,REPORTED_IN,泉州市,year=2025;status=发生
非洲大蜗牛,福建省福鼎市,REPORTED_IN,福鼎市,year=2025;status=发生
非洲大蜗牛,非洲大蜗牛,REPORTED_IN,三亚市,year=null;status=分布
非洲大蜗牛,非洲大蜗牛,REPORTED_IN,三江镇,year=null;status=分布
非洲大蜗牛,非洲大蜗牛,REPORTED_IN,上奥果韦省,year=null;status=分布
非洲大蜗牛,非洲大蜗牛,REPORTED_IN,上杭县,year=2024;status=分布
非洲大蜗牛,非洲大蜗牛,REPORTED_IN,东南巴西,year=null;status=分布
非洲大蜗牛,非洲大蜗牛,REPORTED_IN,东南沿海地区,year=null;status=分布
非洲大蜗牛,非洲大蜗牛,REPORTED_IN,东沙岛,year=null;status=分布
非洲大蜗牛,非洲大蜗牛,REPORTED_IN,中国,year=null;status=分布
非洲大蜗牛,非洲大蜗牛,REPORTED_IN,中国中部和北部,year=null;status=新近报道
非洲大蜗牛,非洲大蜗牛,REPORTED_IN,中央邦,year=null;status=分布
非洲大蜗牛,非洲大蜗牛,REPORTED_IN,乌泰他尼府,year=null;status=分布
非洲大蜗牛,非洲大蜗牛,REPORTED_IN,乌隆府,year=null;status=分布
非洲大蜗牛,非洲大蜗牛,REPORTED_IN,也拉府,year=null;status=分布
非洲大蜗牛,非洲大蜗牛,REPORTED_IN,云南省,year=null;status=分布
非洲大蜗牛,非洲大蜗牛,REPORTED_IN,五邑大学,year=null;status=分布
非洲大蜗牛,非洲大蜗牛,REPORTED_IN,亚马逊地区,year=null;status=分布
非洲大蜗牛,非洲大蜗牛,REPORTED_IN,亚马逊州,year=null;status=分布
非洲大蜗牛,非洲大蜗牛,REPORTED_IN,伯南布哥州,year=null;status=分布
非洲大蜗牛,非洲大蜗牛,REPORTED_IN,佛丕府,year=null;status=分布
非洲大蜗牛,非洲大蜗牛,REPORTED_IN,佛统府,year=null;status=分布
非洲大蜗牛,非洲大蜗牛,REPORTED_IN,信武里府,year=null;status=分布
非洲大蜗牛,非洲大蜗牛,REPORTED_IN,儋州市,year=null;status=分布
非洲大蜗牛,非洲大蜗牛,REPORTED_IN,关塔那摩省,year=null;status=分布
非洲大蜗牛,非洲大蜗牛,REPORTED_IN,农村地区,year=null;status=分布
非洲大蜗牛,非洲大蜗牛,REPORTED_IN,加勒比地区,year=null;status=分布
非洲大蜗牛,非洲大蜗牛,REPORTED_IN,加拉信府,year=null;status=分布
非洲大蜗牛,非洲大蜗牛,REPORTED_IN,加蓬,year=null;status=分布
非洲大蜗牛,非洲大蜗牛,REPORTED_IN,化龙镇,year=null;status=分布
非洲大蜗牛,非洲大蜗牛,REPORTED_IN,北大年府,year=null;status=分布
非洲大蜗牛,非洲大蜗牛,REPORTED_IN,北方邦,year=null;status=分布
非洲大蜗牛,非洲大蜗牛,REPORTED_IN,北标府,year=null;status=分布
非洲大蜗牛,非洲大蜗牛,REPORTED_IN,北榄府,year=null;status=分布
非洲大蜗牛,非洲大蜗牛,REPORTED_IN,北碧府,year=null;status=分布
非洲大蜗牛,非洲大蜗牛,REPORTED_IN,北里奥格兰德州,year=null;status=分布
非洲大蜗牛,非洲大蜗牛,REPORTED_IN,华南地区,year=null;status=分布
非洲大蜗牛,非洲大蜗牛,REPORTED_IN,华富里府,year=null;status=分布
非洲大蜗牛,非洲大蜗牛,REPORTED_IN,华石镇,year=null;status=分布
非洲大蜗牛,非洲大蜗牛,REPORTED_IN,南印度,year=1920s;status=扩散
非洲大蜗牛,非洲大蜗牛,REPORTED_IN,南宁市,year=2013;status=发现
非洲大蜗牛,非洲大蜗牛,REPORTED_IN,南宁市,year=null;status=分布
非洲大蜗牛,非洲大蜗牛,REPORTED_IN,南山区,year=null;status=分布
非洲大蜗牛,非洲大蜗牛,REPORTED_IN,南投县,year=null;status=培育
非洲大蜗牛,非洲大蜗牛,REPORTED_IN,南投县埔里镇,year=null;status=分布
非洲大蜗牛,非洲大蜗牛,REPORTED_IN,南投县草屯镇,year=null;status=分布
非洲大蜗牛,非洲大蜗牛,REPORTED_IN,南投市,year=null;status=分布
非洲大蜗牛,非洲大蜗牛,REPORTED_IN,南沙区,year=null;status=分布
非洲大蜗牛,非洲大蜗牛,REPORTED_IN,南澳县,year=null;status=分布
非洲大蜗牛,非洲大蜗牛,REPORTED_IN,南里奥格兰德州,year=null;status=分布
非洲大蜗牛,非洲大蜗牛,REPORTED_IN,南马托格罗索州,year=null;status=分布
非洲大蜗牛,非洲大蜗牛,REPORTED_IN,卡利,year=null;status=分布
非洲大蜗牛,非洲大蜗牛,REPORTED_IN,卡纳塔克邦,year=null;status=分布
非洲大蜗牛,非洲大蜗牛,REPORTED_IN,卡马圭省,year=null;status=分布
非洲大蜗牛,非洲大蜗牛,REPORTED_IN,印度,year=1847;status=到达
非洲大蜗牛,非洲大蜗牛,REPORTED_IN,印度尼西亚,year=null;status=分布
非洲大蜗牛,非洲大蜗牛,REPORTED_IN,厦门市,year=1931;status=首次发现
非洲大蜗牛,非洲大蜗牛,REPORTED_IN,厦门市,year=null;status=分布
非洲大蜗牛,非洲大蜗牛,REPORTED_IN,厦门市,year=2025;status=分布
非洲大蜗牛,非洲大蜗牛,REPORTED_IN,厦门市,year=1930;status=首次发现
非洲大蜗牛,非洲大蜗牛,REPORTED_IN,双东街道,year=null;status=分布
非洲大蜗牛,非洲大蜗牛,REPORTED_IN,双水镇,year=null;status=分布
非洲大蜗牛,非洲大蜗牛,REPORTED_IN,古吉拉特邦,year=null;status=分布
非洲大蜗牛,非洲大蜗牛,REPORTED_IN,古巴,year=2014;status=入侵
非洲大蜗牛,非洲大蜗牛,REPORTED_IN,台湾省,year=null;status=分布
非洲大蜗牛,非洲大蜗牛,REPORTED_IN,台湾省,year=1932;status=传入
非洲大蜗牛,非洲大蜗牛,REPORTED_IN,台湾省,year=1930;status=分布
非洲大蜗牛,非洲大蜗牛,REPORTED_IN,叻丕府,year=null;status=分布
非洲大蜗牛,非洲大蜗牛,REPORTED_IN,和平县,year=null;status=未采集到
非洲大蜗牛,非洲大蜗牛,REPORTED_IN,哈瓦那,year=null;status=分布
非洲大蜗牛,非洲大蜗牛,REPORTED_IN,哈瓦那省,year=null;status=分布
非洲大蜗牛,非洲大蜗牛,REPORTED_IN,哥伦比亚,year=null;status=分布
非洲大蜗牛,非洲大蜗牛,REPORTED_IN,喀拉拉邦,year=null;status=分布
非洲大蜗牛,非洲大蜗牛,REPORTED_IN,嘉义县阿里山,year=null;status=分布
非洲大蜗牛,非洲大蜗牛,REPORTED_IN,四川省,year=null;status=分布
非洲大蜗牛,非洲大蜗牛,REPORTED_IN,圣保罗州,year=null;status=分布
非洲大蜗牛,非洲大蜗牛,REPORTED_IN,圣卡塔琳娜州,year=null;status=分布
非洲大蜗牛,非洲大蜗牛,REPORTED_IN,圣地亚哥省,year=null;status=分布
非洲大蜗牛,非洲大蜗牛,REPORTED_IN,圣埃斯皮里图州,year=null;status=分布
非洲大蜗牛,非洲大蜗牛,REPORTED_IN,圣斯皮里图斯省,year=null;status=分布
非洲大蜗牛,非洲大蜗牛,REPORTED_IN,城市地区,year=null;status=分布
非洲大蜗牛,非洲大蜗牛,REPORTED_IN,城郊地区,year=null;status=分布
非洲大蜗牛,非洲大蜗牛,REPORTED_IN,塞尔希培州,year=null;status=分布
非洲大蜗牛,非洲大蜗牛,REPORTED_IN,塞舌尔,year=null;status=分布
非洲大蜗牛,非洲大蜗牛,REPORTED_IN,塞阿拉州,year=null;status=分布
非洲大蜗牛,非洲大蜗牛,REPORTED_IN,夏威夷,year=null;status=分布
非洲大蜗牛,非洲大蜗牛,REPORTED_IN,大城府,year=null;status=分布
非洲大蜗牛,非洲大蜗牛,REPORTED_IN,大岗镇,year=null;status=分布
非洲大蜗牛,非洲大蜗牛,REPORTED_IN,大西洋省,year=null;status=分布
非洲大蜗牛,非洲大蜗牛,REPORTED_IN,太平洋岛屿,year=null;status=分布
非洲大蜗牛,非洲大蜗牛,REPORTED_IN,太平镇,year=null;status=分布
非洲大蜗牛,非洲大蜗牛,REPORTED_IN,奥孔贾,year=null;status=分布
非洲大蜗牛,非洲大蜗牛,REPORTED_IN,奥尔金省,year=null;status=分布
非洲大蜗牛,非洲大蜗牛,REPORTED_IN,奥里萨邦,year=null;status=分布
非洲大蜗牛,非洲大蜗牛,REPORTED_IN,孔敬府,year=null;status=分布
非洲大蜗牛,非洲大蜗牛,REPORTED_IN,孟加拉国,year=null;status=分布
非洲大蜗牛,非洲大蜗牛,REPORTED_IN,安得拉邦,year=null;status=分布
非洲大蜗牛,非洲大蜗牛,REPORTED_IN,安溪县,year=null;status=分布质心
非洲大蜗牛,非洲大蜗牛,REPORTED_IN,安蒂奥基亚省,year=null;status=分布
非洲大蜗牛,非洲大蜗牛,REPORTED_IN,安达曼和尼科巴群岛,year=null;status=分布
非洲大蜗牛,非洲大蜗牛,REPORTED_IN,宋卡府,year=null;status=分布
非洲大蜗牛,非洲大蜗牛,REPORTED_IN,富宁县,year=2001;status=发现
非洲大蜗牛,非洲大蜗牛,REPORTED_IN,尖竹汶府,year=null;status=分布
非洲大蜗牛,非洲大蜗牛,REPORTED_IN,屏东县好茶玛家,year=null;status=分布
非洲大蜗牛,非洲大蜗牛,REPORTED_IN,屏东县恒春半岛,year=null;status=分布
非洲大蜗牛,非洲大蜗牛,REPORTED_IN,屏东县来义,year=null;status=分布
非洲大蜗牛,非洲大蜗牛,REPORTED_IN,屏东县满州乡,year=null;status=分布
非洲大蜗牛,非洲大蜗牛,REPORTED_IN,屏东市,year=1982;status=培育
非洲大蜗牛,非洲大蜗牛,REPORTED_IN,差春骚府,year=null;status=分布
非洲大蜗牛,非洲大蜗牛,REPORTED_IN,巴伊亚州,year=null;status=分布
非洲大蜗牛,非洲大蜗牛,REPORTED_IN,巴吞他尼府,year=null;status=分布
非洲大蜗牛,非洲大蜗牛,REPORTED_IN,巴布亚新几内亚,year=null;status=分布
非洲大蜗牛,非洲大蜗牛,REPORTED_IN,巴拉那州,year=null;status=分布
非洲大蜗牛,非洲大蜗牛,REPORTED_IN,巴真府,year=null;status=分布
非洲大蜗牛,非洲大蜗牛,REPORTED_IN,巴蜀府,year=null;status=分布
非洲大蜗牛,非洲大蜗牛,REPORTED_IN,巴西,year=1980s;status=引入
非洲大蜗牛,非洲大蜗牛,REPORTED_IN,巴西,year=null;status=检测到携带广州管圆线虫
非洲大蜗牛,非洲大蜗牛,REPORTED_IN,巴西利亚,year=null;status=分布
非洲大蜗牛,非洲大蜗牛,REPORTED_IN,帕尧府,year=null;status=分布
非洲大蜗牛,非洲大蜗牛,REPORTED_IN,帕府,year=null;status=分布
非洲大蜗牛,非洲大蜗牛,REPORTED_IN,帕拉伊巴州,year=null;status=分布
非洲大蜗牛,非洲大蜗牛,REPORTED_IN,帕拉州,year=null;status=分布
非洲大蜗牛,非洲大蜗牛,REPORTED_IN,平潭综合实验区,year=2025;status=分布
非洲大蜗牛,非洲大蜗牛,REPORTED_IN,广东省,year=null;status=分布
非洲大蜗牛,非洲大蜗牛,REPORTED_IN,广宁县,year=null;status=未调查
非洲大蜗牛,非洲大蜗牛,REPORTED_IN,广州市,year=null;status=分布
非洲大蜗牛,非洲大蜗牛,REPORTED_IN,广西壮族自治区,year=null;status=分布
非洲大蜗牛,非洲大蜗牛,REPORTED_IN,廊开府,year=null;status=分布
非洲大蜗牛,非洲大蜗牛,REPORTED_IN,延平区,year=2025;status=分布
非洲大蜗牛,非洲大蜗牛,REPORTED_IN,弗朗斯维尔,year=null;status=分布
非洲大蜗牛,非洲大蜗牛,REPORTED_IN,彭世洛府,year=null;status=分布
非洲大蜗牛,非洲大蜗牛,REPORTED_IN,思茅区,year=null;status=分布
非洲大蜗牛,非洲大蜗牛,REPORTED_IN,惠州市,year=2024;status=发现
非洲大蜗牛,非洲大蜗牛,REPORTED_IN,戈亚斯州,year=null;status=分布
非洲大蜗牛,非洲大蜗牛,REPORTED_IN,托利马省,year=null;status=分布
非洲大蜗牛,非洲大蜗牛,REPORTED_IN,托坎廷斯州,year=null;status=分布
非洲大蜗牛,非洲大蜗牛,REPORTED_IN,披集府,year=null;status=分布
非洲大蜗牛,非洲大蜗牛,REPORTED_IN,拉克沙群岛,year=null;status=分布
非洲大蜗牛,非洲大蜗牛,REPORTED_IN,拉廊府,year=null;status=分布
非洲大蜗牛,非洲大蜗牛,REPORTED_IN,拉斯图纳斯省,year=null;status=分布
非洲大蜗牛,非洲大蜗牛,REPORTED_IN,攀牙府,year=null;status=分布
非洲大蜗牛,非洲大蜗牛,REPORTED_IN,文山壮族苗族自治州,year=null;status=分布
非洲大蜗牛,非洲大蜗牛,REPORTED_IN,文昌楼北面绿地,year=2023;status=分布
非洲大蜗牛,非洲大蜗牛,REPORTED_IN,斯里兰卡,year=null;status=分布
非洲大蜗牛,非洲大蜗牛,REPORTED_IN,斯里兰卡,year=1900;status=入侵
非洲大蜗牛,非洲大蜗牛,REPORTED_IN,新会市,year=null;status=分布
非洲大蜗牛,非洲大蜗牛,REPORTED_IN,新加坡,year=null;status=分布
非洲大蜗牛,非洲大蜗牛,REPORTED_IN,新北市平溪区,year=null;status=分布
非洲大蜗牛,非洲大蜗牛,REPORTED_IN,新北市新店区,year=null;status=分布
非洲大蜗牛,非洲大蜗牛,REPORTED_IN,新北市板桥区,year=null;status=分布
非洲大蜗牛,非洲大蜗牛,REPORTED_IN,昆迪纳马卡省,year=null;status=分布
非洲大蜗牛,非洲大蜗牛,REPORTED_IN,春武里府,year=null;status=分布
非洲大蜗牛,非洲大蜗牛,REPORTED_IN,春蓬府,year=null;status=分布
非洲大蜗牛,非洲大蜗牛,REPORTED_IN,晋安区,year=2024;status=分布
非洲大蜗牛,非洲大蜗牛,REPORTED_IN,晋安河公园,year=2024;status=分布
非洲大蜗牛,非洲大蜗牛,REPORTED_IN,普吉府,year=null;status=分布
非洲大蜗牛,非洲大蜗牛,REPORTED_IN,暖武里府,year=null;status=分布
非洲大蜗牛,非洲大蜗牛,REPORTED_IN,曲江区,year=null;status=未采集到
非洲大蜗牛,非洲大蜗牛,REPORTED_IN,曼尼普尔邦,year=null;status=分布
非洲大蜗牛,非洲大蜗牛,REPORTED_IN,曼谷,year=null;status=分布
非洲大蜗牛,非洲大蜗牛,REPORTED_IN,朗多尼亚州,year=null;status=分布
非洲大蜗牛,非洲大蜗牛,REPORTED_IN,柳州市,year=2023;status=分布
非洲大蜗牛,非洲大蜗牛,REPORTED_IN,格拉玛省,year=null;status=分布
非洲大蜗牛,非洲大蜗牛,REPORTED_IN,桑坦德省,year=null;status=分布
非洲大蜗牛,非洲大蜗牛,REPORTED_IN,梅加拉亚邦,year=null;status=分布
非洲大蜗牛,非洲大蜗牛,REPORTED_IN,榄核镇,year=null;status=分布
非洲大蜗牛,非洲大蜗牛,REPORTED_IN,横断山脉以东地区,year=null;status=分布
非洲大蜗牛,非洲大蜗牛,REPORTED_IN,比亚克拉拉省,year=null;status=分布
非洲大蜗牛,非洲大蜗牛,REPORTED_IN,比哈尔邦,year=null;status=分布
非洲大蜗牛,非洲大蜗牛,REPORTED_IN,比那尔德里奥省,year=null;status=分布
非洲大蜗牛,非洲大蜗牛,REPORTED_IN,毛里求斯,year=null;status=分布
非洲大蜗牛,非洲大蜗牛,REPORTED_IN,水南街道江南社区,year=2025;status=分布
非洲大蜗牛,非洲大蜗牛,REPORTED_IN,永兴岛,year=null;status=分布
非洲大蜗牛,非洲大蜗牛,REPORTED_IN,江西省,year=null;status=分布
非洲大蜗牛,非洲大蜗牛,REPORTED_IN,江门市,year=null;status=分布
非洲大蜗牛,非洲大蜗牛,REPORTED_IN,沙功那空府,year=null;status=分布
非洲大蜗牛,非洲大蜗牛,REPORTED_IN,沙拉武里府,year=null;status=分布
非洲大蜗牛,非洲大蜗牛,REPORTED_IN,沙敦府,year=null;status=分布
非洲大蜗牛,非洲大蜗牛,REPORTED_IN,沙缴府,year=null;status=分布
非洲大蜗牛,非洲大蜗牛,REPORTED_IN,泉州市,year=2025;status=分布
非洲大蜗牛,非洲大蜗牛,REPORTED_IN,泰国,year=null;status=分布
非洲大蜗牛,非洲大蜗牛,REPORTED_IN,泰国东北部,year=null;status=分布
非洲大蜗牛,非洲大蜗牛,REPORTED_IN,泰国东部,year=null;status=分布
非洲大蜗牛,非洲大蜗牛,REPORTED_IN,泰国中部,year=null;status=分布
非洲大蜗牛,非洲大蜗牛,REPORTED_IN,泰国北部,year=null;status=分布
非洲大蜗牛,非洲大蜗牛,REPORTED_IN,泰国南部,year=null;status=分布
非洲大蜗牛,非洲大蜗牛,REPORTED_IN,泰国西部,year=null;status=分布
非洲大蜗牛,非洲大蜗牛,REPORTED_IN,泰米尔纳德邦,year=null;status=分布
非洲大蜗牛,非洲大蜗牛,REPORTED_IN,海南省,year=null;status=分布
非洲大蜗牛,非洲大蜗牛,REPORTED_IN,海口市,year=null;status=分布
非洲大蜗牛,非洲大蜗牛,REPORTED_IN,海口市,year=2024;status=分布
非洲大蜗牛,非洲大蜗牛,REPORTED_IN,深圳市,year=2026;status=发现
非洲大蜗牛,非洲大蜗牛,REPORTED_IN,深圳市,year=null;status=分布
非洲大蜗牛,非洲大蜗牛,REPORTED_IN,清莱府,year=null;status=分布
非洲大蜗牛,非洲大蜗牛,REPORTED_IN,清迈府,year=null;status=分布
非洲大蜗牛,非洲大蜗牛,REPORTED_IN,湖北省,year=null;status=分布
非洲大蜗牛,非洲大蜗牛,REPORTED_IN,湖南省,year=null;status=分布
非洲大蜗牛,非洲大蜗牛,REPORTED_IN,漳州市,year=null;status=分布
非洲大蜗牛,非洲大蜗牛,REPORTED_IN,漳平市,year=2025;status=分布
非洲大蜗牛,非洲大蜗牛,REPORTED_IN,澳门特别行政区,year=null;status=分布
非洲大蜗牛,非洲大蜗牛,REPORTED_IN,特伦甘纳邦,year=null;status=分布
非洲大蜗牛,非洲大蜗牛,REPORTED_IN,特里普拉邦,year=null;status=分布
非洲大蜗牛,非洲大蜗牛,REPORTED_IN,猜纳府,year=null;status=分布
非洲大蜗牛,非洲大蜗牛,REPORTED_IN,玛哈沙拉堪府,year=null;status=分布
非洲大蜗牛,非洲大蜗牛,REPORTED_IN,玻利瓦尔省,year=null;status=分布
非洲大蜗牛,非洲大蜗牛,REPORTED_IN,珠江三角洲地区,year=null;status=分布
非洲大蜗牛,非洲大蜗牛,REPORTED_IN,琼中县,year=null;status=分布
非洲大蜗牛,非洲大蜗牛,REPORTED_IN,瑞安公园,year=2023;status=分布
非洲大蜗牛,非洲大蜗牛,REPORTED_IN,瑞景公园小区,year=2025;status=分布
非洲大蜗牛,非洲大蜗牛,REPORTED_IN,甘烹碧府,year=null;status=分布
非洲大蜗牛,非洲大蜗牛,REPORTED_IN,甲米府,year=null;status=分布
非洲大蜗牛,非洲大蜗牛,REPORTED_IN,留尼汪,year=null;status=分布
非洲大蜗牛,非洲大蜗牛,REPORTED_IN,番禺区,year=null;status=分布
非洲大蜗牛,非洲大蜗牛,REPORTED_IN,皮奥伊州,year=null;status=分布
非洲大蜗牛,非洲大蜗牛,REPORTED_IN,益梭通府,year=null;status=分布
非洲大蜗牛,非洲大蜗牛,REPORTED_IN,石碁镇,year=null;status=分布
非洲大蜗牛,非洲大蜗牛,REPORTED_IN,礼乐镇,year=null;status=分布
非洲大蜗牛,非洲大蜗牛,REPORTED_IN,福州市,year=2014;status=发现
非洲大蜗牛,非洲大蜗牛,REPORTED_IN,福州市,year=2024;status=分布
非洲大蜗牛,非洲大蜗牛,REPORTED_IN,福建省,year=null;status=分布
非洲大蜗牛,非洲大蜗牛,REPORTED_IN,福建省,year=1930;status=发现
非洲大蜗牛,非洲大蜗牛,REPORTED_IN,福鼎市,year=2025;status=分布
非洲大蜗牛,非洲大蜗牛,REPORTED_IN,科摩罗,year=null;status=分布
非洲大蜗牛,非洲大蜗牛,REPORTED_IN,程逸府,year=null;status=分布
非洲大蜗牛,非洲大蜗牛,REPORTED_IN,米佐拉姆邦,year=null;status=分布
非洲大蜗牛,非洲大蜗牛,REPORTED_IN,米纳斯吉拉斯州,year=null;status=分布
非洲大蜗牛,非洲大蜗牛,REPORTED_IN,粤东沿海地区,year=null;status=分布
非洲大蜗牛,非洲大蜗牛,REPORTED_IN,粤北山区,year=null;status=分布
非洲大蜗牛,非洲大蜗牛,REPORTED_IN,粤西沿海地区,year=null;status=分布
非洲大蜗牛,非洲大蜗牛,REPORTED_IN,素可泰府,year=null;status=分布
非洲大蜗牛,非洲大蜗牛,REPORTED_IN,素叻他尼府,year=null;status=分布
非洲大蜗牛,非洲大蜗牛,REPORTED_IN,素攀武里府,year=null;status=分布
非洲大蜗牛,非洲大蜗牛,REPORTED_IN,红统府,year=null;status=分布
非洲大蜗牛,非洲大蜗牛,REPORTED_IN,缅甸,year=null;status=分布
非洲大蜗牛,非洲大蜗牛,REPORTED_IN,罗勇府,year=null;status=分布
非洲大蜗牛,非洲大蜗牛,REPORTED_IN,罗城街道,year=null;status=分布
非洲大蜗牛,非洲大蜗牛,REPORTED_IN,罗定市,year=null;status=分布
非洲大蜗牛,非洲大蜗牛,REPORTED_IN,罗赖马州,year=null;status=分布
非洲大蜗牛,非洲大蜗牛,REPORTED_IN,罗镜镇,year=null;status=分布
非洲大蜗牛,非洲大蜗牛,REPORTED_IN,美国,year=null;status=分布
非洲大蜗牛,非洲大蜗牛,REPORTED_IN,翁源县,year=null;status=未采集到
非洲大蜗牛,非洲大蜗牛,REPORTED_IN,翠江镇,year=2024;status=分布
非洲大蜗牛,非洲大蜗牛,REPORTED_IN,考卡山谷省,year=null;status=分布
非洲大蜗牛,非洲大蜗牛,REPORTED_IN,联邦区,year=null;status=分布
非洲大蜗牛,非洲大蜗牛,REPORTED_IN,花莲县太鲁阁,year=null;status=分布
非洲大蜗牛,非洲大蜗牛,REPORTED_IN,花莲县玉里镇,year=null;status=分布
非洲大蜗牛,非洲大蜗牛,REPORTED_IN,苏克雷省,year=null;status=分布
非洲大蜗牛,非洲大蜗牛,REPORTED_IN,茂名市,year=null;status=分布
非洲大蜗牛,非洲大蜗牛,REPORTED_IN,莫安达,year=null;status=分布
非洲大蜗牛,非洲大蜗牛,REPORTED_IN,莫达汉府,year=null;status=分布
非洲大蜗牛,非洲大蜗牛,REPORTED_IN,莲前街道瑞景公园小区,year=2025;status=分布
非洲大蜗牛,非洲大蜗牛,REPORTED_IN,菲律宾,year=null;status=分布
非洲大蜗牛,非洲大蜗牛,REPORTED_IN,董里府,year=null;status=分布
非洲大蜗牛,非洲大蜗牛,REPORTED_IN,西孟加拉邦,year=null;status=分布
非洲大蜗牛,非洲大蜗牛,REPORTED_IN,西恩富戈斯省,year=null;status=分布
非洲大蜗牛,非洲大蜗牛,REPORTED_IN,西沙群岛,year=null;status=分布
非洲大蜗牛,非洲大蜗牛,REPORTED_IN,谢戈德阿维拉省,year=null;status=分布
非洲大蜗牛,非洲大蜗牛,REPORTED_IN,贵州省,year=null;status=分布
非洲大蜗牛,非洲大蜗牛,REPORTED_IN,贾坎德邦,year=null;status=分布
非洲大蜗牛,非洲大蜗牛,REPORTED_IN,达叻府,year=null;status=分布
非洲大蜗牛,非洲大蜗牛,REPORTED_IN,那加兰邦,year=null;status=分布
非洲大蜗牛,非洲大蜗牛,REPORTED_IN,那拉提瓦府,year=null;status=分布
非洲大蜗牛,非洲大蜗牛,REPORTED_IN,那空拍侬府,year=null;status=分布
非洲大蜗牛,非洲大蜗牛,REPORTED_IN,那空是贪玛叻府,year=null;status=分布
非洲大蜗牛,非洲大蜗牛,REPORTED_IN,那空沙旺府,year=null;status=分布
非洲大蜗牛,非洲大蜗牛,REPORTED_IN,那空那育府,year=null;status=分布
非洲大蜗牛,非洲大蜗牛,REPORTED_IN,里约热内卢州,year=null;status=分布
非洲大蜗牛,非洲大蜗牛,REPORTED_IN,金华市,year=null;status=养殖
非洲大蜗牛,非洲大蜗牛,REPORTED_IN,金榜公园,year=2025;status=分布
非洲大蜗牛,非洲大蜗牛,REPORTED_IN,锡金邦,year=null;status=分布
非洲大蜗牛,非洲大蜗牛,REPORTED_IN,长江以南地区,year=null;status=分布
非洲大蜗牛,非洲大蜗牛,REPORTED_IN,闽南沿海地区,year=null;status=分布
非洲大蜗牛,非洲大蜗牛,REPORTED_IN,阿克里州,year=null;status=分布
非洲大蜗牛,非洲大蜗牛,REPORTED_IN,阿尔特米萨省,year=null;status=分布
非洲大蜗牛,非洲大蜗牛,REPORTED_IN,阿拉戈斯州,year=null;status=分布
非洲大蜗牛,非洲大蜗牛,REPORTED_IN,阿萨姆邦,year=null;status=分布
非洲大蜗牛,非洲大蜗牛,REPORTED_IN,阿马帕州,year=null;status=分布
非洲大蜗牛,非洲大蜗牛,REPORTED_IN,难府,year=null;status=分布
非洲大蜗牛,非洲大蜗牛,REPORTED_IN,青年岛特区,year=null;status=分布
非洲大蜗牛,非洲大蜗牛,REPORTED_IN,香港,year=null;status=分布
非洲大蜗牛,非洲大蜗牛,REPORTED_IN,香港特别行政区,year=null;status=分布
非洲大蜗牛,非洲大蜗牛,REPORTED_IN,马亚贝克省,year=null;status=分布
非洲大蜗牛,非洲大蜗牛,REPORTED_IN,马关县,year=2001;status=发现
非洲大蜗牛,非洲大蜗牛,REPORTED_IN,马卡帕,year=null;status=分布
非洲大蜗牛,非洲大蜗牛,REPORTED_IN,马卡帕市,year=null;status=分布
非洲大蜗牛,非洲大蜗牛,REPORTED_IN,马哈拉施特拉邦,year=null;status=分布
非洲大蜗牛,非洲大蜗牛,REPORTED_IN,马坦萨斯省,year=null;status=分布
非洲大蜗牛,非洲大蜗牛,REPORTED_IN,马托格罗索州,year=null;status=分布
非洲大蜗牛,非洲大蜗牛,REPORTED_IN,马拉尼昂州,year=null;status=分布
非洲大蜗牛,非洲大蜗牛,REPORTED_IN,马来西亚,year=null;status=分布
非洲大蜗牛,非洲大蜗牛,REPORTED_IN,马格达莱纳省,year=null;status=分布
非洲大蜗牛,非洲大蜗牛,REPORTED_IN,马达加斯加,year=null;status=分布
非洲大蜗牛,非洲大蜗牛,REPORTED_IN,马达加斯加岛,year=1800;status=入侵
非洲大蜗牛,非洲大蜗牛,REPORTED_IN,麻栗坡县,year=2001;status=发现
非洲大蜗牛,非洲大蜗牛,REPORTED_IN,黎府,year=null;status=分布
非洲大蜗牛,非洲大蜗牛,REPORTED_IN,黎逸府,year=null;status=分布
非洲大蜗牛,非洲大蜗牛,REPORTED_IN,龙仔厝府,year=null;status=分布
非洲大蜗牛,非洲大蜗牛,REPORTED_IN,龙海市,year=null;status=分布
鳄雀鳝,鳄雀鳝,REPORTED_IN,三一河,year=2001;status=记录
鳄雀鳝,鳄雀鳝,REPORTED_IN,上海市,year=null;status=发现
鳄雀鳝,鳄雀鳝,REPORTED_IN,东湖海洋世界,"year=2022,status=饲养"
鳄雀鳝,鳄雀鳝,REPORTED_IN,中国,year=null;status=外来入侵物种
鳄雀鳝,鳄雀鳝,REPORTED_IN,中美洲,year=null;status=原产地
鳄雀鳝,鳄雀鳝,REPORTED_IN,乔塔德湖,year=2011;status=记录
鳄雀鳝,鳄雀鳝,REPORTED_IN,云南昆明,"year=2022,status=发现并捕获"
鳄雀鳝,鳄雀鳝,REPORTED_IN,云南省,year=null;status=发现
鳄雀鳝,鳄雀鳝,REPORTED_IN,云南省,year=2022;status=发现
鳄雀鳝,鳄雀鳝,REPORTED_IN,云禅湖,"year=2022,status=发现并捕获"
鳄雀鳝,鳄雀鳝,REPORTED_IN,伊利诺伊州,year=null;status=原生
鳄雀鳝,鳄雀鳝,REPORTED_IN,伊利诺伊州哥伦比亚市,year=null;status=历史记录
鳄雀鳝,鳄雀鳝,REPORTED_IN,佛罗里达州,year=null;status=原生
鳄雀鳝,鳄雀鳝,REPORTED_IN,俄亥俄州,year=null;status=已灭绝
鳄雀鳝,鳄雀鳝,REPORTED_IN,俄亥俄河下游,year=null;status=历史记录
鳄雀鳝,鳄雀鳝,REPORTED_IN,俄克拉荷马州,year=null;status=原生
鳄雀鳝,鳄雀鳝,REPORTED_IN,克什米尔,year=2023;status=发现
鳄雀鳝,鳄雀鳝,REPORTED_IN,典农河,"year=2022,status=发现"
鳄雀鳝,鳄雀鳝,REPORTED_IN,内布拉斯加州,year=null;status=已灭绝
鳄雀鳝,鳄雀鳝,REPORTED_IN,内蒙古自治区,year=null;status=发现
鳄雀鳝,鳄雀鳝,REPORTED_IN,凌水水库,year=null;status=发现
鳄雀鳝,鳄雀鳝,REPORTED_IN,加尔各答,year=2016;status=发现
鳄雀鳝,鳄雀鳝,REPORTED_IN,北京市,year=null;status=发现
鳄雀鳝,鳄雀鳝,REPORTED_IN,北京市,year=2022;status=发现
鳄雀鳝,鳄雀鳝,REPORTED_IN,印度,year=2015;status=发现
鳄雀鳝,鳄雀鳝,REPORTED_IN,印度尼西亚雅加达,year=2007;status=发现
鳄雀鳝,鳄雀鳝,REPORTED_IN,厦门同安放生池,"year=2026,status=发现并捕获"
鳄雀鳝,鳄雀鳝,REPORTED_IN,厦门市同安区,"year=2026,status=发现并捕获"
鳄雀鳝,鳄雀鳝,REPORTED_IN,古巴,year=null;status=原产地
鳄雀鳝,鳄雀鳝,REPORTED_IN,台州市,"year=2003,status=发现"
鳄雀鳝,鳄雀鳝,REPORTED_IN,台湾,year=null;status=发现
鳄雀鳝,鳄雀鳝,REPORTED_IN,吉林省,year=null;status=发现
鳄雀鳝,鳄雀鳝,REPORTED_IN,四川成都,"year=2022,status=发现"
鳄雀鳝,鳄雀鳝,REPORTED_IN,四川温江,"year=2022,status=发现"
鳄雀鳝,鳄雀鳝,REPORTED_IN,四川省,year=null;status=发现
鳄雀鳝,鳄雀鳝,REPORTED_IN,四川省,year=null;status=有野外分布记录
鳄雀鳝,鳄雀鳝,REPORTED_IN,四川自贡,"year=2022,status=发现并捕获"
鳄雀鳝,鳄雀鳝,REPORTED_IN,四川自贡小区,"year=2022,status=发现并捕获"
鳄雀鳝,鳄雀鳝,REPORTED_IN,土库曼斯坦,year=2008;status=发现
鳄雀鳝,鳄雀鳝,REPORTED_IN,埃森古利,year=2008;status=发现
鳄雀鳝,鳄雀鳝,REPORTED_IN,堪萨斯州,year=null;status=已灭绝
鳄雀鳝,鳄雀鳝,REPORTED_IN,塔毛利帕斯州,year=null;status=原生
鳄雀鳝,鳄雀鳝,REPORTED_IN,塞浦路斯,year=2020;status=发现
鳄雀鳝,鳄雀鳝,REPORTED_IN,墨西哥湾沿岸,year=null;status=原产地
鳄雀鳝,鳄雀鳝,REPORTED_IN,大沥凤东公园,"year=2022,status=发现"
鳄雀鳝,鳄雀鳝,REPORTED_IN,大沥镇,"year=2022,status=发现"
鳄雀鳝,鳄雀鳝,REPORTED_IN,大沥镇,year=2022-08-31;status=发现并抓捕
鳄雀鳝,鳄雀鳝,REPORTED_IN,天津市,year=null;status=发现
鳄雀鳝,鳄雀鳝,REPORTED_IN,宁夏回族自治区,year=null;status=发现
鳄雀鳝,鳄雀鳝,REPORTED_IN,宁夏银川,"year=2022,status=发现"
鳄雀鳝,鳄雀鳝,REPORTED_IN,密苏里州,year=null;status=原生
鳄雀鳝,鳄雀鳝,REPORTED_IN,密苏里河下游,year=null;status=历史记录
鳄雀鳝,鳄雀鳝,REPORTED_IN,密西西比州,year=null;status=原生
鳄雀鳝,鳄雀鳝,REPORTED_IN,尼加拉瓜湖泊,year=null;status=原产地
鳄雀鳝,鳄雀鳝,REPORTED_IN,尼科西亚,year=2020;status=发现
鳄雀鳝,鳄雀鳝,REPORTED_IN,山东省,year=null;status=发现
鳄雀鳝,鳄雀鳝,REPORTED_IN,山东省,year=2022;status=发现
鳄雀鳝,鳄雀鳝,REPORTED_IN,山东省青岛市,year=2022-08-28;status=发现并抓获
鳄雀鳝,鳄雀鳝,REPORTED_IN,山东青岛,"year=2022,status=发现并捕获"
鳄雀鳝,鳄雀鳝,REPORTED_IN,山西省,year=null;status=发现
鳄雀鳝,鳄雀鳝,REPORTED_IN,巴尤杜拉尔格地区,year=null;status=研究地点
鳄雀鳝,鳄雀鳝,REPORTED_IN,巴西立,year=2011;status=发现
鳄雀鳝,鳄雀鳝,REPORTED_IN,常青花园中心公园,"year=2022,status=发现并捕获"
鳄雀鳝,鳄雀鳝,REPORTED_IN,常青花园中心公园人工湖,"year=2022,status=发现并捕获"
鳄雀鳝,鳄雀鳝,REPORTED_IN,广东佛山,"year=2022,status=发现"
鳄雀鳝,鳄雀鳝,REPORTED_IN,广东广州,"year=2023,status=发现并捕获"
鳄雀鳝,鳄雀鳝,REPORTED_IN,广东深圳,"year=2022,status=发现并捕获"
鳄雀鳝,鳄雀鳝,REPORTED_IN,广东省,year=null;status=发现
鳄雀鳝,鳄雀鳝,REPORTED_IN,广东省,year=null;status=有野外分布记录
鳄雀鳝,鳄雀鳝,REPORTED_IN,广东省,year=2023-12-05;status=发现
鳄雀鳝,鳄雀鳝,REPORTED_IN,广东省广州市白云湖,year=2023-12-05;status=成功捕获
鳄雀鳝,鳄雀鳝,REPORTED_IN,广州市,year=2023-12-05;status=发现并抓获
鳄雀鳝,鳄雀鳝,REPORTED_IN,广州市白云区,"year=2023,status=发现并捕获"
鳄雀鳝,鳄雀鳝,REPORTED_IN,广州市白云区槎龙社区,"year=2023,status=发现并捕获"
鳄雀鳝,鳄雀鳝,REPORTED_IN,广州白云公园,"year=2023,status=发现并捕获"
鳄雀鳝,鳄雀鳝,REPORTED_IN,广州白云区,year=2023-12-05;status=发现
鳄雀鳝,鳄雀鳝,REPORTED_IN,广州社区公园封闭水域,"year=2023,status=发现并捕获"
鳄雀鳝,鳄雀鳝,REPORTED_IN,广水市,"year=2022,status=发现"
鳄雀鳝,鳄雀鳝,REPORTED_IN,广西壮族自治区,year=null;status=发现
鳄雀鳝,鳄雀鳝,REPORTED_IN,广西壮族自治区,year=2022;status=发现
鳄雀鳝,鳄雀鳝,REPORTED_IN,广西扶绥,"year=2022,status=发现并灭杀"
鳄雀鳝,鳄雀鳝,REPORTED_IN,广西桂平,"year=2022,status=发现并捕获"
鳄雀鳝,鳄雀鳝,REPORTED_IN,庞恰特雷恩湖,year=null;status=历史记录
鳄雀鳝,鳄雀鳝,REPORTED_IN,德克萨斯州,year=null;status=原生
鳄雀鳝,鳄雀鳝,REPORTED_IN,德克萨斯州扼流峡谷水库,year=null;status=研究地点
鳄雀鳝,鳄雀鳝,REPORTED_IN,戈涅利坝水库,year=2020;status=发现
鳄雀鳝,鳄雀鳝,REPORTED_IN,成都市,"year=2022,status=发现"
鳄雀鳝,鳄雀鳝,REPORTED_IN,扶绥县渠黎镇,"year=2022,status=发现并灭杀"
鳄雀鳝,鳄雀鳝,REPORTED_IN,新加坡,year=2011;status=发现
鳄雀鳝,鳄雀鳝,REPORTED_IN,新疆维吾尔自治区,year=null;status=发现
鳄雀鳝,鳄雀鳝,REPORTED_IN,无锡小区人工湖,"year=2022,status=发现并捕获"
鳄雀鳝,鳄雀鳝,REPORTED_IN,无锡市,"year=2022,status=发现并捕获"
鳄雀鳝,鳄雀鳝,REPORTED_IN,无锡市,year=2022-11-09;status=发现并抓获
鳄雀鳝,鳄雀鳝,REPORTED_IN,昆明小区观景池,"year=2022,status=发现并捕获"
鳄雀鳝,鳄雀鳝,REPORTED_IN,昆明市,"year=2022,status=发现并捕获"
鳄雀鳝,鳄雀鳝,REPORTED_IN,月湖,year=1910;status=历史记录
鳄雀鳝,鳄雀鳝,REPORTED_IN,桂平市,"year=2022,status=发现并捕获"
鳄雀鳝,鳄雀鳝,REPORTED_IN,梅雷多西亚,year=1922;status=最北端确认捕获
鳄雀鳝,鳄雀鳝,REPORTED_IN,槎龙社区公园,"year=2023,status=发现并捕获"
鳄雀鳝,鳄雀鳝,REPORTED_IN,武汉市东西湖区,"year=2022,status=发现并捕获"
鳄雀鳝,鳄雀鳝,REPORTED_IN,汝州市,year=2022;status=发现并捕获
鳄雀鳝,鳄雀鳝,REPORTED_IN,汝州市,"year=2022,status=发现并捕获"
鳄雀鳝,鳄雀鳝,REPORTED_IN,汝州市,year=2022-08-30;status=发现并抓获
鳄雀鳝,鳄雀鳝,REPORTED_IN,江津区,"year=2022,status=发现"
鳄雀鳝,鳄雀鳝,REPORTED_IN,江苏无锡,"year=2022,status=发现并捕获"
鳄雀鳝,鳄雀鳝,REPORTED_IN,江苏省,year=null;status=发现
鳄雀鳝,鳄雀鳝,REPORTED_IN,江苏省,year=2022;status=发现并咬伤人类
鳄雀鳝,鳄雀鳝,REPORTED_IN,江苏省无锡市,year=2022-11-09;status=发现并抓获
鳄雀鳝,鳄雀鳝,REPORTED_IN,江苏靖江,"year=2022,status=发现"
鳄雀鳝,鳄雀鳝,REPORTED_IN,江西省,year=null;status=发现
鳄雀鳝,鳄雀鳝,REPORTED_IN,河北省,year=null;status=发现
鳄雀鳝,鳄雀鳝,REPORTED_IN,河南汝州,"year=2022,status=发现并捕获"
鳄雀鳝,鳄雀鳝,REPORTED_IN,河南省,year=null;status=发现
鳄雀鳝,鳄雀鳝,REPORTED_IN,河南省汝州市,year=2022-08-30;status=发现并抓获
鳄雀鳝,鳄雀鳝,REPORTED_IN,泰国,year=2024;status=发现
鳄雀鳝,鳄雀鳝,REPORTED_IN,浙江台州,"year=2003,status=发现"
鳄雀鳝,鳄雀鳝,REPORTED_IN,浙江省,year=null;status=发现
鳄雀鳝,鳄雀鳝,REPORTED_IN,海南省,year=null;status=发现
鳄雀鳝,鳄雀鳝,REPORTED_IN,海韵嘉园人工湖,"year=2022,status=发现并捕获"
鳄雀鳝,鳄雀鳝,REPORTED_IN,深圳小区景观池,"year=2022,status=发现并捕获"
鳄雀鳝,鳄雀鳝,REPORTED_IN,深圳市,"year=2022,status=发现并捕获"
鳄雀鳝,鳄雀鳝,REPORTED_IN,深圳市,year=2022-09-14;status=发现并抓获
鳄雀鳝,鳄雀鳝,REPORTED_IN,清莱府,year=2024;status=发现
鳄雀鳝,鳄雀鳝,REPORTED_IN,渠黎镇某山庄,"year=2022,status=发现并灭杀"
鳄雀鳝,鳄雀鳝,REPORTED_IN,温江区,"year=2022,status=发现"
鳄雀鳝,鳄雀鳝,REPORTED_IN,湄公河,year=2024;status=发现
鳄雀鳝,鳄雀鳝,REPORTED_IN,湖北广水,"year=2022,status=发现"
鳄雀鳝,鳄雀鳝,REPORTED_IN,湖北武汉,"year=2022,status=发现并捕获"
鳄雀鳝,鳄雀鳝,REPORTED_IN,湖北省,year=null;status=发现
鳄雀鳝,鳄雀鳝,REPORTED_IN,湖南省,year=null;status=发现
鳄雀鳝,鳄雀鳝,REPORTED_IN,湖南省,year=2022;status=发现
鳄雀鳝,鳄雀鳝,REPORTED_IN,湖南省长沙市,year=2025-05-08;status=发现
鳄雀鳝,鳄雀鳝,REPORTED_IN,湖南长沙,"year=2022,status=发现"
鳄雀鳝,鳄雀鳝,REPORTED_IN,澳门,year=null;status=发现
鳄雀鳝,鳄雀鳝,REPORTED_IN,爱荷华州,year=null;status=已灭绝
鳄雀鳝,鳄雀鳝,REPORTED_IN,甘肃省,year=null;status=发现
鳄雀鳝,鳄雀鳝,REPORTED_IN,田纳西州,year=null;status=原生
鳄雀鳝,鳄雀鳝,REPORTED_IN,白云湖,year=2023-12-05;status=成功捕获
鳄雀鳝,鳄雀鳝,REPORTED_IN,福建厦门,"year=2026,status=发现并捕获"
鳄雀鳝,鳄雀鳝,REPORTED_IN,福建寺庙放生池,"year=2022,status=发现并捕获"
鳄雀鳝,鳄雀鳝,REPORTED_IN,福建省,year=null;status=发现
鳄雀鳝,鳄雀鳝,REPORTED_IN,福建省,year=null;status=有野外分布记录
鳄雀鳝,鳄雀鳝,REPORTED_IN,福建省,year=2022-09-10;status=发现
鳄雀鳝,鳄雀鳝,REPORTED_IN,肯塔基州,year=null;status=原生
鳄雀鳝,鳄雀鳝,REPORTED_IN,自贡市,"year=2022,status=发现并捕获"
鳄雀鳝,鳄雀鳝,REPORTED_IN,荃湾,year=2009;status=发现
鳄雀鳝,鳄雀鳝,REPORTED_IN,萨姆雷本湖,year=2023;status=记录
鳄雀鳝,鳄雀鳝,REPORTED_IN,西伊利诺伊州,year=null;status=已灭绝
鳄雀鳝,鳄雀鳝,REPORTED_IN,西宁市,"year=2022,status=发现"
鳄雀鳝,鳄雀鳝,REPORTED_IN,西山风景区莲池,"year=2022,status=发现并捕获"
鳄雀鳝,鳄雀鳝,REPORTED_IN,西藏自治区,year=null;status=发现
鳄雀鳝,鳄雀鳝,REPORTED_IN,贵州省,year=null;status=发现
鳄雀鳝,鳄雀鳝,REPORTED_IN,路易斯安那州,year=null;status=原生
鳄雀鳝,鳄雀鳝,REPORTED_IN,辽宁省,year=null;status=发现
鳄雀鳝,鳄雀鳝,REPORTED_IN,辽宁省大连市凌水水库,year=null;status=发现
鳄雀鳝,鳄雀鳝,REPORTED_IN,达湖,year=2023;status=发现
鳄雀鳝,鳄雀鳝,REPORTED_IN,达达尔,year=2015;status=发现
鳄雀鳝,鳄雀鳝,REPORTED_IN,郑州市,year=2025;status=发现
鳄雀鳝,鳄雀鳝,REPORTED_IN,里海,year=2008;status=发现
鳄雀鳝,鳄雀鳝,REPORTED_IN,重庆市,year=null;status=发现
鳄雀鳝,鳄雀鳝,REPORTED_IN,重庆江津,"year=2022,status=发现"
鳄雀鳝,鳄雀鳝,REPORTED_IN,银川市金凤区,"year=2022,status=发现"
鳄雀鳝,鳄雀鳝,REPORTED_IN,长沙市岳麓区,"year=2022,status=发现"
鳄雀鳝,鳄雀鳝,REPORTED_IN,长沙市开福区,year=2025-05-08;status=发现
鳄雀鳝,鳄雀鳝,REPORTED_IN,阿拉巴马州,year=null;status=原生
鳄雀鳝,鳄雀鳝,REPORTED_IN,阿肯色州,year=null;status=原生
鳄雀鳝,鳄雀鳝,REPORTED_IN,陕西省,year=null;status=发现
鳄雀鳝,鳄雀鳝,REPORTED_IN,青岛小区人工湖,"year=2022,status=发现并捕获"
鳄雀鳝,鳄雀鳝,REPORTED_IN,青岛市,year=2022-08-28;status=发现并抓获
鳄雀鳝,鳄雀鳝,REPORTED_IN,青岛市黄岛区,"year=2022,status=发现并捕获"
鳄雀鳝,鳄雀鳝,REPORTED_IN,青海省,year=null;status=发现
鳄雀鳝,鳄雀鳝,REPORTED_IN,青海省,year=2022;status=发现
鳄雀鳝,鳄雀鳝,REPORTED_IN,青海西宁,"year=2022,status=发现"
鳄雀鳝,鳄雀鳝,REPORTED_IN,靖江市,"year=2022,status=发现"
鳄雀鳝,鳄雀鳝,REPORTED_IN,韦拉克鲁斯州,year=null;status=原生
鳄雀鳝,鳄雀鳝,REPORTED_IN,香港,year=2009;status=发现
鳄雀鳝,鳄雀鳝,REPORTED_IN,黑龙江省,year=null;status=发现
